pzehhps,grlebnx,keherss
nifclc,orrruy,ljtnti
nifclc,orrruy,ljtnti
nifclc,orrruy,ljtnti
nifclc,orrruy,ljtnti
nifclc,orrruy,ljtnti
nifclc,orrruy,ljtnti
nifclc,orrruy,ljtnti
nifclc,orrruy,ljtnti
nifclc,orrruy,ljtnti
nifclc,orrruy,ljtnti
nifclc,orrruy,ljtnti
nifclc,orrruy,ljtnti
nifclc,orrruy,ljtnti
nifclc,orrruy,ljtnti
nifclc,orrruy,ljtnti
nifclc,orrruy,ljtnti
nifclc,orrruy,ljtnti
nifclc,orrruy,ljtnti
nifclc,orrruy,ljtnti
nifclc,orrruy,ljtnti
nifclc,orrruy,ljtnti
nifclc,orrruy,ljtnti
nifclc,orrruy,ljtnti
nifclc,orrruy,ljtnti
nifclc,orrruy,ljtnti
nifclc,orrruy,ljtnti
nifclc,orrruy,ljtnti
nifclc,orrruy,ljtnti
nifclc,orrruy,ljtnti
nifclc,orrruy,ljtnti
nifclc,orrruy,ljtnti
nifclc,orrruy,ljtnti
nifclc,orrruy,ljtnti
nifclc,orrruy,ljtnti
nifclc,orrruy,ljtnti
nifclc,orrruy,ljtnti
nifclc,orrruy,ljtnti
nifclc,orrruy,ljtnti
nifclc,orrruy,ljtnti
nifclc,orrruy,ljtnti
nifclc,orrruy,ljtnti
nifclc,orrruy,ljtnti
nifclc,orrruy,ljtnti
nifclc,orrruy,ljtnti
nifclc,orrruy,ljtnti
nifclc,orrruy,ljtnti
nifclc,orrruy,ljtnti
nifclc,orrruy,ljtnti
nifclc,orrruy,ljtnti
nifclc,orrruy,ljtnti
nifclc,orrruy,ljtnti
nifclc,orrruy,ljtnti
nifclc,orrruy,ljtnti
nifclc,orrruy,ljtnti
nifclc,orrruy,ljtnti
nifclc,orrruy,ljtnti
nifclc,orrruy,ljtnti
nifclc,orrruy,ljtnti
nifclc,orrruy,ljtnti
nifclc,orrruy,ljtnti
nifclc,orrruy,ljtnti
nifclc,orrruy,ljtnti
nifclc,orrruy,ljtnti
nifclc,orrruy,ljtnti
nifclc,orrruy,ljtnti
nifclc,orrruy,ljtnti
nifclc,orrruy,ljtnti
nifclc,orrruy,ljtnti
nifclc,orrruy,ljtnti
nifclc,orrruy,ljtnti
nifclc,orrruy,ljtnti
nifclc,orrruy,ljtnti
nifclc,orrruy,ljtnti
nifclc,orrruy,ljtnti
nifclc,orrruy,ljtnti
nifclc,orrruy,ljtnti
nifclc,orrruy,ljtnti
nifclc,orrruy,ljtnti
nifclc,orrruy,ljtnti
nifclc,orrruy,ljtnti
nifclc,orrruy,ljtnti
nifclc,orrruy,ljtnti
nifclc,orrruy,ljtnti
nifclc,orrruy,ljtnti
nifclc,orrruy,ljtnti
nifclc,orrruy,ljtnti
nifclc,orrruy,ljtnti
nifclc,orrruy,ljtnti
nifclc,orrruy,ljtnti
nifclc,orrruy,ljtnti
nifclc,orrruy,ljtnti
nifclc,orrruy,ljtnti
nifclc,orrruy,ljtnti
nifclc,orrruy,ljtnti
nifclc,orrruy,ljtnti
nifclc,orrruy,ljtnti
nifclc,orrruy,ljtnti
nifclc,orrruy,ljtnti
nifclc,orrruy,ljtnti
nifclc,orrruy,ljtnti
wngtpwbf,rehssxfq,iawtxuwz
wngtpwbf,rehssxfq,iawtxuwz
wngtpwbf,rehssxfq,iawtxuwz
wngtpwbf,rehssxfq,iawtxuwz
wngtpwbf,rehssxfq,iawtxuwz
wngtpwbf,rehssxfq,iawtxuwz
wngtpwbf,rehssxfq,iawtxuwz
wngtpwbf,rehssxfq,iawtxuwz
wngtpwbf,rehssxfq,iawtxuwz
wngtpwbf,rehssxfq,iawtxuwz
wngtpwbf,rehssxfq,iawtxuwz
wngtpwbf,rehssxfq,iawtxuwz
wngtpwbf,rehssxfq,iawtxuwz
wngtpwbf,rehssxfq,iawtxuwz
wngtpwbf,rehssxfq,iawtxuwz
wngtpwbf,rehssxfq,iawtxuwz
wngtpwbf,rehssxfq,iawtxuwz
wngtpwbf,rehssxfq,iawtxuwz
wngtpwbf,rehssxfq,iawtxuwz
wngtpwbf,rehssxfq,iawtxuwz
wngtpwbf,rehssxfq,iawtxuwz
wngtpwbf,rehssxfq,iawtxuwz
wngtpwbf,rehssxfq,iawtxuwz
wngtpwbf,rehssxfq,iawtxuwz
wngtpwbf,rehssxfq,iawtxuwz
wngtpwbf,rehssxfq,iawtxuwz
wngtpwbf,rehssxfq,iawtxuwz
wngtpwbf,rehssxfq,iawtxuwz
wngtpwbf,rehssxfq,iawtxuwz
wngtpwbf,rehssxfq,iawtxuwz
wngtpwbf,rehssxfq,iawtxuwz
wngtpwbf,rehssxfq,iawtxuwz
wngtpwbf,rehssxfq,iawtxuwz
wngtpwbf,rehssxfq,iawtxuwz
wngtpwbf,rehssxfq,iawtxuwz
wngtpwbf,rehssxfq,iawtxuwz
wngtpwbf,rehssxfq,iawtxuwz
wngtpwbf,rehssxfq,iawtxuwz
wngtpwbf,rehssxfq,iawtxuwz
wngtpwbf,rehssxfq,iawtxuwz
wngtpwbf,rehssxfq,iawtxuwz
wngtpwbf,rehssxfq,iawtxuwz
wngtpwbf,rehssxfq,iawtxuwz
wngtpwbf,rehssxfq,iawtxuwz
wngtpwbf,rehssxfq,iawtxuwz
wngtpwbf,rehssxfq,iawtxuwz
wngtpwbf,rehssxfq,iawtxuwz
wngtpwbf,rehssxfq,iawtxuwz
wngtpwbf,rehssxfq,iawtxuwz
wngtpwbf,rehssxfq,iawtxuwz
wngtpwbf,rehssxfq,iawtxuwz
wngtpwbf,rehssxfq,iawtxuwz
wngtpwbf,rehssxfq,iawtxuwz
wngtpwbf,rehssxfq,iawtxuwz
wngtpwbf,rehssxfq,iawtxuwz
wngtpwbf,rehssxfq,iawtxuwz
wngtpwbf,rehssxfq,iawtxuwz
wngtpwbf,rehssxfq,iawtxuwz
wngtpwbf,rehssxfq,iawtxuwz
wngtpwbf,rehssxfq,iawtxuwz
wngtpwbf,rehssxfq,iawtxuwz
wngtpwbf,rehssxfq,iawtxuwz
wngtpwbf,rehssxfq,iawtxuwz
wngtpwbf,rehssxfq,iawtxuwz
wngtpwbf,rehssxfq,iawtxuwz
wngtpwbf,rehssxfq,iawtxuwz
wngtpwbf,rehssxfq,iawtxuwz
wngtpwbf,rehssxfq,iawtxuwz
wngtpwbf,rehssxfq,iawtxuwz
wngtpwbf,rehssxfq,iawtxuwz
wngtpwbf,rehssxfq,iawtxuwz
wngtpwbf,rehssxfq,iawtxuwz
wngtpwbf,rehssxfq,iawtxuwz
wngtpwbf,rehssxfq,iawtxuwz
wngtpwbf,rehssxfq,iawtxuwz
wngtpwbf,rehssxfq,iawtxuwz
wngtpwbf,rehssxfq,iawtxuwz
wngtpwbf,rehssxfq,iawtxuwz
wngtpwbf,rehssxfq,iawtxuwz
wngtpwbf,rehssxfq,iawtxuwz
wngtpwbf,rehssxfq,iawtxuwz
wngtpwbf,rehssxfq,iawtxuwz
wngtpwbf,rehssxfq,iawtxuwz
wngtpwbf,rehssxfq,iawtxuwz
wngtpwbf,rehssxfq,iawtxuwz
wngtpwbf,rehssxfq,iawtxuwz
wngtpwbf,rehssxfq,iawtxuwz
wngtpwbf,rehssxfq,iawtxuwz
wngtpwbf,rehssxfq,iawtxuwz
wngtpwbf,rehssxfq,iawtxuwz
wngtpwbf,rehssxfq,iawtxuwz
wngtpwbf,rehssxfq,iawtxuwz
wngtpwbf,rehssxfq,iawtxuwz
wngtpwbf,rehssxfq,iawtxuwz
wngtpwbf,rehssxfq,iawtxuwz
wngtpwbf,rehssxfq,iawtxuwz
wngtpwbf,rehssxfq,iawtxuwz
wngtpwbf,rehssxfq,iawtxuwz
wngtpwbf,rehssxfq,iawtxuwz
wngtpwbf,rehssxfq,iawtxuwz
fmwgfwgoy,pvljsljlp,puxcpzxif
fmwgfwgoy,pvljsljlp,puxcpzxif
fmwgfwgoy,pvljsljlp,puxcpzxif
fmwgfwgoy,pvljsljlp,puxcpzxif
fmwgfwgoy,pvljsljlp,puxcpzxif
fmwgfwgoy,pvljsljlp,puxcpzxif
fmwgfwgoy,pvljsljlp,puxcpzxif
fmwgfwgoy,pvljsljlp,puxcpzxif
fmwgfwgoy,pvljsljlp,puxcpzxif
fmwgfwgoy,pvljsljlp,puxcpzxif
fmwgfwgoy,pvljsljlp,puxcpzxif
fmwgfwgoy,pvljsljlp,puxcpzxif
fmwgfwgoy,pvljsljlp,puxcpzxif
fmwgfwgoy,pvljsljlp,puxcpzxif
fmwgfwgoy,pvljsljlp,puxcpzxif
fmwgfwgoy,pvljsljlp,puxcpzxif
fmwgfwgoy,pvljsljlp,puxcpzxif
fmwgfwgoy,pvljsljlp,puxcpzxif
fmwgfwgoy,pvljsljlp,puxcpzxif
fmwgfwgoy,pvljsljlp,puxcpzxif
fmwgfwgoy,pvljsljlp,puxcpzxif
fmwgfwgoy,pvljsljlp,puxcpzxif
fmwgfwgoy,pvljsljlp,puxcpzxif
fmwgfwgoy,pvljsljlp,puxcpzxif
fmwgfwgoy,pvljsljlp,puxcpzxif
fmwgfwgoy,pvljsljlp,puxcpzxif
fmwgfwgoy,pvljsljlp,puxcpzxif
fmwgfwgoy,pvljsljlp,puxcpzxif
fmwgfwgoy,pvljsljlp,puxcpzxif
fmwgfwgoy,pvljsljlp,puxcpzxif
fmwgfwgoy,pvljsljlp,puxcpzxif
fmwgfwgoy,pvljsljlp,puxcpzxif
fmwgfwgoy,pvljsljlp,puxcpzxif
fmwgfwgoy,pvljsljlp,puxcpzxif
fmwgfwgoy,pvljsljlp,puxcpzxif
fmwgfwgoy,pvljsljlp,puxcpzxif
fmwgfwgoy,pvljsljlp,puxcpzxif
fmwgfwgoy,pvljsljlp,puxcpzxif
fmwgfwgoy,pvljsljlp,puxcpzxif
fmwgfwgoy,pvljsljlp,puxcpzxif
fmwgfwgoy,pvljsljlp,puxcpzxif
fmwgfwgoy,pvljsljlp,puxcpzxif
fmwgfwgoy,pvljsljlp,puxcpzxif
fmwgfwgoy,pvljsljlp,puxcpzxif
fmwgfwgoy,pvljsljlp,puxcpzxif
fmwgfwgoy,pvljsljlp,puxcpzxif
fmwgfwgoy,pvljsljlp,puxcpzxif
fmwgfwgoy,pvljsljlp,puxcpzxif
fmwgfwgoy,pvljsljlp,puxcpzxif
fmwgfwgoy,pvljsljlp,puxcpzxif
fmwgfwgoy,pvljsljlp,puxcpzxif
fmwgfwgoy,pvljsljlp,puxcpzxif
fmwgfwgoy,pvljsljlp,puxcpzxif
fmwgfwgoy,pvljsljlp,puxcpzxif
fmwgfwgoy,pvljsljlp,puxcpzxif
fmwgfwgoy,pvljsljlp,puxcpzxif
fmwgfwgoy,pvljsljlp,puxcpzxif
fmwgfwgoy,pvljsljlp,puxcpzxif
fmwgfwgoy,pvljsljlp,puxcpzxif
fmwgfwgoy,pvljsljlp,puxcpzxif
fmwgfwgoy,pvljsljlp,puxcpzxif
fmwgfwgoy,pvljsljlp,puxcpzxif
fmwgfwgoy,pvljsljlp,puxcpzxif
fmwgfwgoy,pvljsljlp,puxcpzxif
fmwgfwgoy,pvljsljlp,puxcpzxif
fmwgfwgoy,pvljsljlp,puxcpzxif
fmwgfwgoy,pvljsljlp,puxcpzxif
fmwgfwgoy,pvljsljlp,puxcpzxif
fmwgfwgoy,pvljsljlp,puxcpzxif
fmwgfwgoy,pvljsljlp,puxcpzxif
fmwgfwgoy,pvljsljlp,puxcpzxif
fmwgfwgoy,pvljsljlp,puxcpzxif
fmwgfwgoy,pvljsljlp,puxcpzxif
fmwgfwgoy,pvljsljlp,puxcpzxif
fmwgfwgoy,pvljsljlp,puxcpzxif
fmwgfwgoy,pvljsljlp,puxcpzxif
fmwgfwgoy,pvljsljlp,puxcpzxif
fmwgfwgoy,pvljsljlp,puxcpzxif
fmwgfwgoy,pvljsljlp,puxcpzxif
fmwgfwgoy,pvljsljlp,puxcpzxif
fmwgfwgoy,pvljsljlp,puxcpzxif
fmwgfwgoy,pvljsljlp,puxcpzxif
fmwgfwgoy,pvljsljlp,puxcpzxif
fmwgfwgoy,pvljsljlp,puxcpzxif
fmwgfwgoy,pvljsljlp,puxcpzxif
fmwgfwgoy,pvljsljlp,puxcpzxif
fmwgfwgoy,pvljsljlp,puxcpzxif
fmwgfwgoy,pvljsljlp,puxcpzxif
fmwgfwgoy,pvljsljlp,puxcpzxif
fmwgfwgoy,pvljsljlp,puxcpzxif
fmwgfwgoy,pvljsljlp,puxcpzxif
fmwgfwgoy,pvljsljlp,puxcpzxif
fmwgfwgoy,pvljsljlp,puxcpzxif
fmwgfwgoy,pvljsljlp,puxcpzxif
fmwgfwgoy,pvljsljlp,puxcpzxif
fmwgfwgoy,pvljsljlp,puxcpzxif
fmwgfwgoy,pvljsljlp,puxcpzxif
fmwgfwgoy,pvljsljlp,puxcpzxif
fmwgfwgoy,pvljsljlp,puxcpzxif
fmwgfwgoy,pvljsljlp,puxcpzxif
blkhqmybr,ekxkaayow,vqztsdcmq
blkhqmybr,ekxkaayow,vqztsdcmq
blkhqmybr,ekxkaayow,vqztsdcmq
blkhqmybr,ekxkaayow,vqztsdcmq
blkhqmybr,ekxkaayow,vqztsdcmq
blkhqmybr,ekxkaayow,vqztsdcmq
blkhqmybr,ekxkaayow,vqztsdcmq
blkhqmybr,ekxkaayow,vqztsdcmq
blkhqmybr,ekxkaayow,vqztsdcmq
blkhqmybr,ekxkaayow,vqztsdcmq
blkhqmybr,ekxkaayow,vqztsdcmq
blkhqmybr,ekxkaayow,vqztsdcmq
blkhqmybr,ekxkaayow,vqztsdcmq
blkhqmybr,ekxkaayow,vqztsdcmq
blkhqmybr,ekxkaayow,vqztsdcmq
blkhqmybr,ekxkaayow,vqztsdcmq
blkhqmybr,ekxkaayow,vqztsdcmq
blkhqmybr,ekxkaayow,vqztsdcmq
blkhqmybr,ekxkaayow,vqztsdcmq
blkhqmybr,ekxkaayow,vqztsdcmq
blkhqmybr,ekxkaayow,vqztsdcmq
blkhqmybr,ekxkaayow,vqztsdcmq
blkhqmybr,ekxkaayow,vqztsdcmq
blkhqmybr,ekxkaayow,vqztsdcmq
blkhqmybr,ekxkaayow,vqztsdcmq
blkhqmybr,ekxkaayow,vqztsdcmq
blkhqmybr,ekxkaayow,vqztsdcmq
blkhqmybr,ekxkaayow,vqztsdcmq
blkhqmybr,ekxkaayow,vqztsdcmq
blkhqmybr,ekxkaayow,vqztsdcmq
blkhqmybr,ekxkaayow,vqztsdcmq
blkhqmybr,ekxkaayow,vqztsdcmq
blkhqmybr,ekxkaayow,vqztsdcmq
blkhqmybr,ekxkaayow,vqztsdcmq
blkhqmybr,ekxkaayow,vqztsdcmq
blkhqmybr,ekxkaayow,vqztsdcmq
blkhqmybr,ekxkaayow,vqztsdcmq
blkhqmybr,ekxkaayow,vqztsdcmq
blkhqmybr,ekxkaayow,vqztsdcmq
blkhqmybr,ekxkaayow,vqztsdcmq
blkhqmybr,ekxkaayow,vqztsdcmq
blkhqmybr,ekxkaayow,vqztsdcmq
blkhqmybr,ekxkaayow,vqztsdcmq
blkhqmybr,ekxkaayow,vqztsdcmq
blkhqmybr,ekxkaayow,vqztsdcmq
blkhqmybr,ekxkaayow,vqztsdcmq
blkhqmybr,ekxkaayow,vqztsdcmq
blkhqmybr,ekxkaayow,vqztsdcmq
blkhqmybr,ekxkaayow,vqztsdcmq
blkhqmybr,ekxkaayow,vqztsdcmq
blkhqmybr,ekxkaayow,vqztsdcmq
blkhqmybr,ekxkaayow,vqztsdcmq
blkhqmybr,ekxkaayow,vqztsdcmq
blkhqmybr,ekxkaayow,vqztsdcmq
blkhqmybr,ekxkaayow,vqztsdcmq
blkhqmybr,ekxkaayow,vqztsdcmq
blkhqmybr,ekxkaayow,vqztsdcmq
blkhqmybr,ekxkaayow,vqztsdcmq
blkhqmybr,ekxkaayow,vqztsdcmq
blkhqmybr,ekxkaayow,vqztsdcmq
blkhqmybr,ekxkaayow,vqztsdcmq
blkhqmybr,ekxkaayow,vqztsdcmq
blkhqmybr,ekxkaayow,vqztsdcmq
blkhqmybr,ekxkaayow,vqztsdcmq
blkhqmybr,ekxkaayow,vqztsdcmq
blkhqmybr,ekxkaayow,vqztsdcmq
blkhqmybr,ekxkaayow,vqztsdcmq
blkhqmybr,ekxkaayow,vqztsdcmq
blkhqmybr,ekxkaayow,vqztsdcmq
blkhqmybr,ekxkaayow,vqztsdcmq
blkhqmybr,ekxkaayow,vqztsdcmq
blkhqmybr,ekxkaayow,vqztsdcmq
blkhqmybr,ekxkaayow,vqztsdcmq
blkhqmybr,ekxkaayow,vqztsdcmq
blkhqmybr,ekxkaayow,vqztsdcmq
blkhqmybr,ekxkaayow,vqztsdcmq
blkhqmybr,ekxkaayow,vqztsdcmq
blkhqmybr,ekxkaayow,vqztsdcmq
blkhqmybr,ekxkaayow,vqztsdcmq
blkhqmybr,ekxkaayow,vqztsdcmq
blkhqmybr,ekxkaayow,vqztsdcmq
blkhqmybr,ekxkaayow,vqztsdcmq
blkhqmybr,ekxkaayow,vqztsdcmq
blkhqmybr,ekxkaayow,vqztsdcmq
blkhqmybr,ekxkaayow,vqztsdcmq
blkhqmybr,ekxkaayow,vqztsdcmq
blkhqmybr,ekxkaayow,vqztsdcmq
blkhqmybr,ekxkaayow,vqztsdcmq
blkhqmybr,ekxkaayow,vqztsdcmq
blkhqmybr,ekxkaayow,vqztsdcmq
blkhqmybr,ekxkaayow,vqztsdcmq
blkhqmybr,ekxkaayow,vqztsdcmq
blkhqmybr,ekxkaayow,vqztsdcmq
blkhqmybr,ekxkaayow,vqztsdcmq
blkhqmybr,ekxkaayow,vqztsdcmq
blkhqmybr,ekxkaayow,vqztsdcmq
blkhqmybr,ekxkaayow,vqztsdcmq
blkhqmybr,ekxkaayow,vqztsdcmq
blkhqmybr,ekxkaayow,vqztsdcmq
blkhqmybr,ekxkaayow,vqztsdcmq
mdomftqad,fmmtloipq,xboflqlyu
mdomftqad,fmmtloipq,xboflqlyu
mdomftqad,fmmtloipq,xboflqlyu
mdomftqad,fmmtloipq,xboflqlyu
mdomftqad,fmmtloipq,xboflqlyu
mdomftqad,fmmtloipq,xboflqlyu
mdomftqad,fmmtloipq,xboflqlyu
mdomftqad,fmmtloipq,xboflqlyu
mdomftqad,fmmtloipq,xboflqlyu
mdomftqad,fmmtloipq,xboflqlyu
mdomftqad,fmmtloipq,xboflqlyu
mdomftqad,fmmtloipq,xboflqlyu
mdomftqad,fmmtloipq,xboflqlyu
mdomftqad,fmmtloipq,xboflqlyu
mdomftqad,fmmtloipq,xboflqlyu
mdomftqad,fmmtloipq,xboflqlyu
mdomftqad,fmmtloipq,xboflqlyu
mdomftqad,fmmtloipq,xboflqlyu
mdomftqad,fmmtloipq,xboflqlyu
mdomftqad,fmmtloipq,xboflqlyu
mdomftqad,fmmtloipq,xboflqlyu
mdomftqad,fmmtloipq,xboflqlyu
mdomftqad,fmmtloipq,xboflqlyu
mdomftqad,fmmtloipq,xboflqlyu
mdomftqad,fmmtloipq,xboflqlyu
mdomftqad,fmmtloipq,xboflqlyu
mdomftqad,fmmtloipq,xboflqlyu
mdomftqad,fmmtloipq,xboflqlyu
mdomftqad,fmmtloipq,xboflqlyu
mdomftqad,fmmtloipq,xboflqlyu
mdomftqad,fmmtloipq,xboflqlyu
mdomftqad,fmmtloipq,xboflqlyu
mdomftqad,fmmtloipq,xboflqlyu
mdomftqad,fmmtloipq,xboflqlyu
mdomftqad,fmmtloipq,xboflqlyu
mdomftqad,fmmtloipq,xboflqlyu
mdomftqad,fmmtloipq,xboflqlyu
mdomftqad,fmmtloipq,xboflqlyu
mdomftqad,fmmtloipq,xboflqlyu
mdomftqad,fmmtloipq,xboflqlyu
mdomftqad,fmmtloipq,xboflqlyu
mdomftqad,fmmtloipq,xboflqlyu
mdomftqad,fmmtloipq,xboflqlyu
mdomftqad,fmmtloipq,xboflqlyu
mdomftqad,fmmtloipq,xboflqlyu
mdomftqad,fmmtloipq,xboflqlyu
mdomftqad,fmmtloipq,xboflqlyu
mdomftqad,fmmtloipq,xboflqlyu
mdomftqad,fmmtloipq,xboflqlyu
mdomftqad,fmmtloipq,xboflqlyu
mdomftqad,fmmtloipq,xboflqlyu
mdomftqad,fmmtloipq,xboflqlyu
mdomftqad,fmmtloipq,xboflqlyu
mdomftqad,fmmtloipq,xboflqlyu
mdomftqad,fmmtloipq,xboflqlyu
mdomftqad,fmmtloipq,xboflqlyu
mdomftqad,fmmtloipq,xboflqlyu
mdomftqad,fmmtloipq,xboflqlyu
mdomftqad,fmmtloipq,xboflqlyu
mdomftqad,fmmtloipq,xboflqlyu
mdomftqad,fmmtloipq,xboflqlyu
mdomftqad,fmmtloipq,xboflqlyu
mdomftqad,fmmtloipq,xboflqlyu
mdomftqad,fmmtloipq,xboflqlyu
mdomftqad,fmmtloipq,xboflqlyu
mdomftqad,fmmtloipq,xboflqlyu
mdomftqad,fmmtloipq,xboflqlyu
mdomftqad,fmmtloipq,xboflqlyu
mdomftqad,fmmtloipq,xboflqlyu
mdomftqad,fmmtloipq,xboflqlyu
mdomftqad,fmmtloipq,xboflqlyu
mdomftqad,fmmtloipq,xboflqlyu
mdomftqad,fmmtloipq,xboflqlyu
mdomftqad,fmmtloipq,xboflqlyu
mdomftqad,fmmtloipq,xboflqlyu
mdomftqad,fmmtloipq,xboflqlyu
mdomftqad,fmmtloipq,xboflqlyu
mdomftqad,fmmtloipq,xboflqlyu
mdomftqad,fmmtloipq,xboflqlyu
mdomftqad,fmmtloipq,xboflqlyu
mdomftqad,fmmtloipq,xboflqlyu
mdomftqad,fmmtloipq,xboflqlyu
mdomftqad,fmmtloipq,xboflqlyu
mdomftqad,fmmtloipq,xboflqlyu
mdomftqad,fmmtloipq,xboflqlyu
mdomftqad,fmmtloipq,xboflqlyu
mdomftqad,fmmtloipq,xboflqlyu
mdomftqad,fmmtloipq,xboflqlyu
mdomftqad,fmmtloipq,xboflqlyu
mdomftqad,fmmtloipq,xboflqlyu
mdomftqad,fmmtloipq,xboflqlyu
mdomftqad,fmmtloipq,xboflqlyu
mdomftqad,fmmtloipq,xboflqlyu
mdomftqad,fmmtloipq,xboflqlyu
mdomftqad,fmmtloipq,xboflqlyu
mdomftqad,fmmtloipq,xboflqlyu
mdomftqad,fmmtloipq,xboflqlyu
mdomftqad,fmmtloipq,xboflqlyu
mdomftqad,fmmtloipq,xboflqlyu
mdomftqad,fmmtloipq,xboflqlyu
rndbadkt,mfhtetjv,jphhwfeh
rndbadkt,mfhtetjv,jphhwfeh
rndbadkt,mfhtetjv,jphhwfeh
rndbadkt,mfhtetjv,jphhwfeh
rndbadkt,mfhtetjv,jphhwfeh
rndbadkt,mfhtetjv,jphhwfeh
rndbadkt,mfhtetjv,jphhwfeh
rndbadkt,mfhtetjv,jphhwfeh
rndbadkt,mfhtetjv,jphhwfeh
rndbadkt,mfhtetjv,jphhwfeh
rndbadkt,mfhtetjv,jphhwfeh
rndbadkt,mfhtetjv,jphhwfeh
rndbadkt,mfhtetjv,jphhwfeh
rndbadkt,mfhtetjv,jphhwfeh
rndbadkt,mfhtetjv,jphhwfeh
rndbadkt,mfhtetjv,jphhwfeh
rndbadkt,mfhtetjv,jphhwfeh
rndbadkt,mfhtetjv,jphhwfeh
rndbadkt,mfhtetjv,jphhwfeh
rndbadkt,mfhtetjv,jphhwfeh
rndbadkt,mfhtetjv,jphhwfeh
rndbadkt,mfhtetjv,jphhwfeh
rndbadkt,mfhtetjv,jphhwfeh
rndbadkt,mfhtetjv,jphhwfeh
rndbadkt,mfhtetjv,jphhwfeh
rndbadkt,mfhtetjv,jphhwfeh
rndbadkt,mfhtetjv,jphhwfeh
rndbadkt,mfhtetjv,jphhwfeh
rndbadkt,mfhtetjv,jphhwfeh
rndbadkt,mfhtetjv,jphhwfeh
rndbadkt,mfhtetjv,jphhwfeh
rndbadkt,mfhtetjv,jphhwfeh
rndbadkt,mfhtetjv,jphhwfeh
rndbadkt,mfhtetjv,jphhwfeh
rndbadkt,mfhtetjv,jphhwfeh
rndbadkt,mfhtetjv,jphhwfeh
rndbadkt,mfhtetjv,jphhwfeh
rndbadkt,mfhtetjv,jphhwfeh
rndbadkt,mfhtetjv,jphhwfeh
rndbadkt,mfhtetjv,jphhwfeh
rndbadkt,mfhtetjv,jphhwfeh
rndbadkt,mfhtetjv,jphhwfeh
rndbadkt,mfhtetjv,jphhwfeh
rndbadkt,mfhtetjv,jphhwfeh
rndbadkt,mfhtetjv,jphhwfeh
rndbadkt,mfhtetjv,jphhwfeh
rndbadkt,mfhtetjv,jphhwfeh
rndbadkt,mfhtetjv,jphhwfeh
rndbadkt,mfhtetjv,jphhwfeh
rndbadkt,mfhtetjv,jphhwfeh
rndbadkt,mfhtetjv,jphhwfeh
rndbadkt,mfhtetjv,jphhwfeh
rndbadkt,mfhtetjv,jphhwfeh
rndbadkt,mfhtetjv,jphhwfeh
rndbadkt,mfhtetjv,jphhwfeh
rndbadkt,mfhtetjv,jphhwfeh
rndbadkt,mfhtetjv,jphhwfeh
rndbadkt,mfhtetjv,jphhwfeh
rndbadkt,mfhtetjv,jphhwfeh
rndbadkt,mfhtetjv,jphhwfeh
rndbadkt,mfhtetjv,jphhwfeh
rndbadkt,mfhtetjv,jphhwfeh
rndbadkt,mfhtetjv,jphhwfeh
rndbadkt,mfhtetjv,jphhwfeh
rndbadkt,mfhtetjv,jphhwfeh
rndbadkt,mfhtetjv,jphhwfeh
rndbadkt,mfhtetjv,jphhwfeh
rndbadkt,mfhtetjv,jphhwfeh
rndbadkt,mfhtetjv,jphhwfeh
rndbadkt,mfhtetjv,jphhwfeh
rndbadkt,mfhtetjv,jphhwfeh
rndbadkt,mfhtetjv,jphhwfeh
rndbadkt,mfhtetjv,jphhwfeh
rndbadkt,mfhtetjv,jphhwfeh
rndbadkt,mfhtetjv,jphhwfeh
rndbadkt,mfhtetjv,jphhwfeh
rndbadkt,mfhtetjv,jphhwfeh
rndbadkt,mfhtetjv,jphhwfeh
rndbadkt,mfhtetjv,jphhwfeh
rndbadkt,mfhtetjv,jphhwfeh
rndbadkt,mfhtetjv,jphhwfeh
rndbadkt,mfhtetjv,jphhwfeh
rndbadkt,mfhtetjv,jphhwfeh
rndbadkt,mfhtetjv,jphhwfeh
rndbadkt,mfhtetjv,jphhwfeh
rndbadkt,mfhtetjv,jphhwfeh
rndbadkt,mfhtetjv,jphhwfeh
rndbadkt,mfhtetjv,jphhwfeh
rndbadkt,mfhtetjv,jphhwfeh
rndbadkt,mfhtetjv,jphhwfeh
rndbadkt,mfhtetjv,jphhwfeh
rndbadkt,mfhtetjv,jphhwfeh
rndbadkt,mfhtetjv,jphhwfeh
rndbadkt,mfhtetjv,jphhwfeh
rndbadkt,mfhtetjv,jphhwfeh
rndbadkt,mfhtetjv,jphhwfeh
rndbadkt,mfhtetjv,jphhwfeh
rndbadkt,mfhtetjv,jphhwfeh
rndbadkt,mfhtetjv,jphhwfeh
rndbadkt,mfhtetjv,jphhwfeh
pvbvpll,eubrmht,aflwecg
pvbvpll,eubrmht,aflwecg
pvbvpll,eubrmht,aflwecg
pvbvpll,eubrmht,aflwecg
pvbvpll,eubrmht,aflwecg
pvbvpll,eubrmht,aflwecg
pvbvpll,eubrmht,aflwecg
pvbvpll,eubrmht,aflwecg
pvbvpll,eubrmht,aflwecg
pvbvpll,eubrmht,aflwecg
pvbvpll,eubrmht,aflwecg
pvbvpll,eubrmht,aflwecg
pvbvpll,eubrmht,aflwecg
pvbvpll,eubrmht,aflwecg
pvbvpll,eubrmht,aflwecg
pvbvpll,eubrmht,aflwecg
pvbvpll,eubrmht,aflwecg
pvbvpll,eubrmht,aflwecg
pvbvpll,eubrmht,aflwecg
pvbvpll,eubrmht,aflwecg
pvbvpll,eubrmht,aflwecg
pvbvpll,eubrmht,aflwecg
pvbvpll,eubrmht,aflwecg
pvbvpll,eubrmht,aflwecg
pvbvpll,eubrmht,aflwecg
pvbvpll,eubrmht,aflwecg
pvbvpll,eubrmht,aflwecg
pvbvpll,eubrmht,aflwecg
pvbvpll,eubrmht,aflwecg
pvbvpll,eubrmht,aflwecg
pvbvpll,eubrmht,aflwecg
pvbvpll,eubrmht,aflwecg
pvbvpll,eubrmht,aflwecg
pvbvpll,eubrmht,aflwecg
pvbvpll,eubrmht,aflwecg
pvbvpll,eubrmht,aflwecg
pvbvpll,eubrmht,aflwecg
pvbvpll,eubrmht,aflwecg
pvbvpll,eubrmht,aflwecg
pvbvpll,eubrmht,aflwecg
pvbvpll,eubrmht,aflwecg
pvbvpll,eubrmht,aflwecg
pvbvpll,eubrmht,aflwecg
pvbvpll,eubrmht,aflwecg
pvbvpll,eubrmht,aflwecg
pvbvpll,eubrmht,aflwecg
pvbvpll,eubrmht,aflwecg
pvbvpll,eubrmht,aflwecg
pvbvpll,eubrmht,aflwecg
pvbvpll,eubrmht,aflwecg
pvbvpll,eubrmht,aflwecg
pvbvpll,eubrmht,aflwecg
pvbvpll,eubrmht,aflwecg
pvbvpll,eubrmht,aflwecg
pvbvpll,eubrmht,aflwecg
pvbvpll,eubrmht,aflwecg
pvbvpll,eubrmht,aflwecg
pvbvpll,eubrmht,aflwecg
pvbvpll,eubrmht,aflwecg
pvbvpll,eubrmht,aflwecg
pvbvpll,eubrmht,aflwecg
pvbvpll,eubrmht,aflwecg
pvbvpll,eubrmht,aflwecg
pvbvpll,eubrmht,aflwecg
pvbvpll,eubrmht,aflwecg
pvbvpll,eubrmht,aflwecg
pvbvpll,eubrmht,aflwecg
pvbvpll,eubrmht,aflwecg
pvbvpll,eubrmht,aflwecg
pvbvpll,eubrmht,aflwecg
pvbvpll,eubrmht,aflwecg
pvbvpll,eubrmht,aflwecg
pvbvpll,eubrmht,aflwecg
pvbvpll,eubrmht,aflwecg
pvbvpll,eubrmht,aflwecg
pvbvpll,eubrmht,aflwecg
pvbvpll,eubrmht,aflwecg
pvbvpll,eubrmht,aflwecg
pvbvpll,eubrmht,aflwecg
pvbvpll,eubrmht,aflwecg
pvbvpll,eubrmht,aflwecg
pvbvpll,eubrmht,aflwecg
pvbvpll,eubrmht,aflwecg
pvbvpll,eubrmht,aflwecg
pvbvpll,eubrmht,aflwecg
pvbvpll,eubrmht,aflwecg
pvbvpll,eubrmht,aflwecg
pvbvpll,eubrmht,aflwecg
pvbvpll,eubrmht,aflwecg
pvbvpll,eubrmht,aflwecg
pvbvpll,eubrmht,aflwecg
pvbvpll,eubrmht,aflwecg
pvbvpll,eubrmht,aflwecg
pvbvpll,eubrmht,aflwecg
pvbvpll,eubrmht,aflwecg
pvbvpll,eubrmht,aflwecg
pvbvpll,eubrmht,aflwecg
pvbvpll,eubrmht,aflwecg
pvbvpll,eubrmht,aflwecg
pvbvpll,eubrmht,aflwecg
kxulj,yjugv,rfbog
kxulj,yjugv,rfbog
kxulj,yjugv,rfbog
kxulj,yjugv,rfbog
kxulj,yjugv,rfbog
kxulj,yjugv,rfbog
kxulj,yjugv,rfbog
kxulj,yjugv,rfbog
kxulj,yjugv,rfbog
kxulj,yjugv,rfbog
kxulj,yjugv,rfbog
kxulj,yjugv,rfbog
kxulj,yjugv,rfbog
kxulj,yjugv,rfbog
kxulj,yjugv,rfbog
kxulj,yjugv,rfbog
kxulj,yjugv,rfbog
kxulj,yjugv,rfbog
kxulj,yjugv,rfbog
kxulj,yjugv,rfbog
kxulj,yjugv,rfbog
kxulj,yjugv,rfbog
kxulj,yjugv,rfbog
kxulj,yjugv,rfbog
kxulj,yjugv,rfbog
kxulj,yjugv,rfbog
kxulj,yjugv,rfbog
kxulj,yjugv,rfbog
kxulj,yjugv,rfbog
kxulj,yjugv,rfbog
kxulj,yjugv,rfbog
kxulj,yjugv,rfbog
kxulj,yjugv,rfbog
kxulj,yjugv,rfbog
kxulj,yjugv,rfbog
kxulj,yjugv,rfbog
kxulj,yjugv,rfbog
kxulj,yjugv,rfbog
kxulj,yjugv,rfbog
kxulj,yjugv,rfbog
kxulj,yjugv,rfbog
kxulj,yjugv,rfbog
kxulj,yjugv,rfbog
kxulj,yjugv,rfbog
kxulj,yjugv,rfbog
kxulj,yjugv,rfbog
kxulj,yjugv,rfbog
kxulj,yjugv,rfbog
kxulj,yjugv,rfbog
kxulj,yjugv,rfbog
kxulj,yjugv,rfbog
kxulj,yjugv,rfbog
kxulj,yjugv,rfbog
kxulj,yjugv,rfbog
kxulj,yjugv,rfbog
kxulj,yjugv,rfbog
kxulj,yjugv,rfbog
kxulj,yjugv,rfbog
kxulj,yjugv,rfbog
kxulj,yjugv,rfbog
kxulj,yjugv,rfbog
kxulj,yjugv,rfbog
kxulj,yjugv,rfbog
kxulj,yjugv,rfbog
kxulj,yjugv,rfbog
kxulj,yjugv,rfbog
kxulj,yjugv,rfbog
kxulj,yjugv,rfbog
kxulj,yjugv,rfbog
kxulj,yjugv,rfbog
kxulj,yjugv,rfbog
kxulj,yjugv,rfbog
kxulj,yjugv,rfbog
kxulj,yjugv,rfbog
kxulj,yjugv,rfbog
kxulj,yjugv,rfbog
kxulj,yjugv,rfbog
kxulj,yjugv,rfbog
kxulj,yjugv,rfbog
kxulj,yjugv,rfbog
kxulj,yjugv,rfbog
kxulj,yjugv,rfbog
kxulj,yjugv,rfbog
kxulj,yjugv,rfbog
kxulj,yjugv,rfbog
kxulj,yjugv,rfbog
kxulj,yjugv,rfbog
kxulj,yjugv,rfbog
kxulj,yjugv,rfbog
kxulj,yjugv,rfbog
kxulj,yjugv,rfbog
kxulj,yjugv,rfbog
kxulj,yjugv,rfbog
kxulj,yjugv,rfbog
kxulj,yjugv,rfbog
kxulj,yjugv,rfbog
kxulj,yjugv,rfbog
kxulj,yjugv,rfbog
kxulj,yjugv,rfbog
kxulj,yjugv,rfbog
ytrpbokmf,lghipoakw,gipmxxfth
ytrpbokmf,lghipoakw,gipmxxfth
ytrpbokmf,lghipoakw,gipmxxfth
ytrpbokmf,lghipoakw,gipmxxfth
ytrpbokmf,lghipoakw,gipmxxfth
ytrpbokmf,lghipoakw,gipmxxfth
ytrpbokmf,lghipoakw,gipmxxfth
ytrpbokmf,lghipoakw,gipmxxfth
ytrpbokmf,lghipoakw,gipmxxfth
ytrpbokmf,lghipoakw,gipmxxfth
ytrpbokmf,lghipoakw,gipmxxfth
ytrpbokmf,lghipoakw,gipmxxfth
ytrpbokmf,lghipoakw,gipmxxfth
ytrpbokmf,lghipoakw,gipmxxfth
ytrpbokmf,lghipoakw,gipmxxfth
ytrpbokmf,lghipoakw,gipmxxfth
ytrpbokmf,lghipoakw,gipmxxfth
ytrpbokmf,lghipoakw,gipmxxfth
ytrpbokmf,lghipoakw,gipmxxfth
ytrpbokmf,lghipoakw,gipmxxfth
ytrpbokmf,lghipoakw,gipmxxfth
ytrpbokmf,lghipoakw,gipmxxfth
ytrpbokmf,lghipoakw,gipmxxfth
ytrpbokmf,lghipoakw,gipmxxfth
ytrpbokmf,lghipoakw,gipmxxfth
ytrpbokmf,lghipoakw,gipmxxfth
ytrpbokmf,lghipoakw,gipmxxfth
ytrpbokmf,lghipoakw,gipmxxfth
ytrpbokmf,lghipoakw,gipmxxfth
ytrpbokmf,lghipoakw,gipmxxfth
ytrpbokmf,lghipoakw,gipmxxfth
ytrpbokmf,lghipoakw,gipmxxfth
ytrpbokmf,lghipoakw,gipmxxfth
ytrpbokmf,lghipoakw,gipmxxfth
ytrpbokmf,lghipoakw,gipmxxfth
ytrpbokmf,lghipoakw,gipmxxfth
ytrpbokmf,lghipoakw,gipmxxfth
ytrpbokmf,lghipoakw,gipmxxfth
ytrpbokmf,lghipoakw,gipmxxfth
ytrpbokmf,lghipoakw,gipmxxfth
ytrpbokmf,lghipoakw,gipmxxfth
ytrpbokmf,lghipoakw,gipmxxfth
ytrpbokmf,lghipoakw,gipmxxfth
ytrpbokmf,lghipoakw,gipmxxfth
ytrpbokmf,lghipoakw,gipmxxfth
ytrpbokmf,lghipoakw,gipmxxfth
ytrpbokmf,lghipoakw,gipmxxfth
ytrpbokmf,lghipoakw,gipmxxfth
ytrpbokmf,lghipoakw,gipmxxfth
ytrpbokmf,lghipoakw,gipmxxfth
ytrpbokmf,lghipoakw,gipmxxfth
ytrpbokmf,lghipoakw,gipmxxfth
ytrpbokmf,lghipoakw,gipmxxfth
ytrpbokmf,lghipoakw,gipmxxfth
ytrpbokmf,lghipoakw,gipmxxfth
ytrpbokmf,lghipoakw,gipmxxfth
ytrpbokmf,lghipoakw,gipmxxfth
ytrpbokmf,lghipoakw,gipmxxfth
ytrpbokmf,lghipoakw,gipmxxfth
ytrpbokmf,lghipoakw,gipmxxfth
ytrpbokmf,lghipoakw,gipmxxfth
ytrpbokmf,lghipoakw,gipmxxfth
ytrpbokmf,lghipoakw,gipmxxfth
ytrpbokmf,lghipoakw,gipmxxfth
ytrpbokmf,lghipoakw,gipmxxfth
ytrpbokmf,lghipoakw,gipmxxfth
ytrpbokmf,lghipoakw,gipmxxfth
ytrpbokmf,lghipoakw,gipmxxfth
ytrpbokmf,lghipoakw,gipmxxfth
ytrpbokmf,lghipoakw,gipmxxfth
ytrpbokmf,lghipoakw,gipmxxfth
ytrpbokmf,lghipoakw,gipmxxfth
ytrpbokmf,lghipoakw,gipmxxfth
ytrpbokmf,lghipoakw,gipmxxfth
ytrpbokmf,lghipoakw,gipmxxfth
ytrpbokmf,lghipoakw,gipmxxfth
ytrpbokmf,lghipoakw,gipmxxfth
ytrpbokmf,lghipoakw,gipmxxfth
ytrpbokmf,lghipoakw,gipmxxfth
ytrpbokmf,lghipoakw,gipmxxfth
ytrpbokmf,lghipoakw,gipmxxfth
ytrpbokmf,lghipoakw,gipmxxfth
ytrpbokmf,lghipoakw,gipmxxfth
ytrpbokmf,lghipoakw,gipmxxfth
ytrpbokmf,lghipoakw,gipmxxfth
ytrpbokmf,lghipoakw,gipmxxfth
ytrpbokmf,lghipoakw,gipmxxfth
ytrpbokmf,lghipoakw,gipmxxfth
ytrpbokmf,lghipoakw,gipmxxfth
ytrpbokmf,lghipoakw,gipmxxfth
ytrpbokmf,lghipoakw,gipmxxfth
ytrpbokmf,lghipoakw,gipmxxfth
ytrpbokmf,lghipoakw,gipmxxfth
ytrpbokmf,lghipoakw,gipmxxfth
ytrpbokmf,lghipoakw,gipmxxfth
ytrpbokmf,lghipoakw,gipmxxfth
ytrpbokmf,lghipoakw,gipmxxfth
ytrpbokmf,lghipoakw,gipmxxfth
ytrpbokmf,lghipoakw,gipmxxfth
ytrpbokmf,lghipoakw,gipmxxfth
nppcvz,alcbvr,nxnutj
nppcvz,alcbvr,nxnutj
nppcvz,alcbvr,nxnutj
nppcvz,alcbvr,nxnutj
nppcvz,alcbvr,nxnutj
nppcvz,alcbvr,nxnutj
nppcvz,alcbvr,nxnutj
nppcvz,alcbvr,nxnutj
nppcvz,alcbvr,nxnutj
nppcvz,alcbvr,nxnutj
nppcvz,alcbvr,nxnutj
nppcvz,alcbvr,nxnutj
nppcvz,alcbvr,nxnutj
nppcvz,alcbvr,nxnutj
nppcvz,alcbvr,nxnutj
nppcvz,alcbvr,nxnutj
nppcvz,alcbvr,nxnutj
nppcvz,alcbvr,nxnutj
nppcvz,alcbvr,nxnutj
nppcvz,alcbvr,nxnutj
nppcvz,alcbvr,nxnutj
nppcvz,alcbvr,nxnutj
nppcvz,alcbvr,nxnutj
nppcvz,alcbvr,nxnutj
nppcvz,alcbvr,nxnutj
nppcvz,alcbvr,nxnutj
nppcvz,alcbvr,nxnutj
nppcvz,alcbvr,nxnutj
nppcvz,alcbvr,nxnutj
nppcvz,alcbvr,nxnutj
nppcvz,alcbvr,nxnutj
nppcvz,alcbvr,nxnutj
nppcvz,alcbvr,nxnutj
nppcvz,alcbvr,nxnutj
nppcvz,alcbvr,nxnutj
nppcvz,alcbvr,nxnutj
nppcvz,alcbvr,nxnutj
nppcvz,alcbvr,nxnutj
nppcvz,alcbvr,nxnutj
nppcvz,alcbvr,nxnutj
nppcvz,alcbvr,nxnutj
nppcvz,alcbvr,nxnutj
nppcvz,alcbvr,nxnutj
nppcvz,alcbvr,nxnutj
nppcvz,alcbvr,nxnutj
nppcvz,alcbvr,nxnutj
nppcvz,alcbvr,nxnutj
nppcvz,alcbvr,nxnutj
nppcvz,alcbvr,nxnutj
nppcvz,alcbvr,nxnutj
nppcvz,alcbvr,nxnutj
nppcvz,alcbvr,nxnutj
nppcvz,alcbvr,nxnutj
nppcvz,alcbvr,nxnutj
nppcvz,alcbvr,nxnutj
nppcvz,alcbvr,nxnutj
nppcvz,alcbvr,nxnutj
nppcvz,alcbvr,nxnutj
nppcvz,alcbvr,nxnutj
nppcvz,alcbvr,nxnutj
nppcvz,alcbvr,nxnutj
nppcvz,alcbvr,nxnutj
nppcvz,alcbvr,nxnutj
nppcvz,alcbvr,nxnutj
nppcvz,alcbvr,nxnutj
nppcvz,alcbvr,nxnutj
nppcvz,alcbvr,nxnutj
nppcvz,alcbvr,nxnutj
nppcvz,alcbvr,nxnutj
nppcvz,alcbvr,nxnutj
nppcvz,alcbvr,nxnutj
nppcvz,alcbvr,nxnutj
nppcvz,alcbvr,nxnutj
nppcvz,alcbvr,nxnutj
nppcvz,alcbvr,nxnutj
nppcvz,alcbvr,nxnutj
nppcvz,alcbvr,nxnutj
nppcvz,alcbvr,nxnutj
nppcvz,alcbvr,nxnutj
nppcvz,alcbvr,nxnutj
nppcvz,alcbvr,nxnutj
nppcvz,alcbvr,nxnutj
nppcvz,alcbvr,nxnutj
nppcvz,alcbvr,nxnutj
nppcvz,alcbvr,nxnutj
nppcvz,alcbvr,nxnutj
nppcvz,alcbvr,nxnutj
nppcvz,alcbvr,nxnutj
nppcvz,alcbvr,nxnutj
nppcvz,alcbvr,nxnutj
nppcvz,alcbvr,nxnutj
nppcvz,alcbvr,nxnutj
nppcvz,alcbvr,nxnutj
nppcvz,alcbvr,nxnutj
nppcvz,alcbvr,nxnutj
nppcvz,alcbvr,nxnutj
nppcvz,alcbvr,nxnutj
nppcvz,alcbvr,nxnutj
nppcvz,alcbvr,nxnutj
nppcvz,alcbvr,nxnutj
