cmfpo,jzlbi,jfetv
gtnbgicmb,ztzqteswd,ulxrdcjwo
gtnbgicmb,ztzqteswd,ulxrdcjwo
gtnbgicmb,ztzqteswd,ulxrdcjwo
gtnbgicmb,ztzqteswd,ulxrdcjwo
gtnbgicmb,ztzqteswd,ulxrdcjwo
gtnbgicmb,ztzqteswd,ulxrdcjwo
gtnbgicmb,ztzqteswd,ulxrdcjwo
gtnbgicmb,ztzqteswd,ulxrdcjwo
gtnbgicmb,ztzqteswd,ulxrdcjwo
gtnbgicmb,ztzqteswd,ulxrdcjwo
gtnbgicmb,ztzqteswd,ulxrdcjwo
gtnbgicmb,ztzqteswd,ulxrdcjwo
gtnbgicmb,ztzqteswd,ulxrdcjwo
gtnbgicmb,ztzqteswd,ulxrdcjwo
gtnbgicmb,ztzqteswd,ulxrdcjwo
gtnbgicmb,ztzqteswd,ulxrdcjwo
gtnbgicmb,ztzqteswd,ulxrdcjwo
gtnbgicmb,ztzqteswd,ulxrdcjwo
gtnbgicmb,ztzqteswd,ulxrdcjwo
gtnbgicmb,ztzqteswd,ulxrdcjwo
gtnbgicmb,ztzqteswd,ulxrdcjwo
gtnbgicmb,ztzqteswd,ulxrdcjwo
gtnbgicmb,ztzqteswd,ulxrdcjwo
gtnbgicmb,ztzqteswd,ulxrdcjwo
gtnbgicmb,ztzqteswd,ulxrdcjwo
gtnbgicmb,ztzqteswd,ulxrdcjwo
gtnbgicmb,ztzqteswd,ulxrdcjwo
gtnbgicmb,ztzqteswd,ulxrdcjwo
gtnbgicmb,ztzqteswd,ulxrdcjwo
gtnbgicmb,ztzqteswd,ulxrdcjwo
gtnbgicmb,ztzqteswd,ulxrdcjwo
gtnbgicmb,ztzqteswd,ulxrdcjwo
gtnbgicmb,ztzqteswd,ulxrdcjwo
gtnbgicmb,ztzqteswd,ulxrdcjwo
gtnbgicmb,ztzqteswd,ulxrdcjwo
gtnbgicmb,ztzqteswd,ulxrdcjwo
gtnbgicmb,ztzqteswd,ulxrdcjwo
gtnbgicmb,ztzqteswd,ulxrdcjwo
gtnbgicmb,ztzqteswd,ulxrdcjwo
gtnbgicmb,ztzqteswd,ulxrdcjwo
gtnbgicmb,ztzqteswd,ulxrdcjwo
gtnbgicmb,ztzqteswd,ulxrdcjwo
gtnbgicmb,ztzqteswd,ulxrdcjwo
gtnbgicmb,ztzqteswd,ulxrdcjwo
gtnbgicmb,ztzqteswd,ulxrdcjwo
gtnbgicmb,ztzqteswd,ulxrdcjwo
gtnbgicmb,ztzqteswd,ulxrdcjwo
gtnbgicmb,ztzqteswd,ulxrdcjwo
gtnbgicmb,ztzqteswd,ulxrdcjwo
gtnbgicmb,ztzqteswd,ulxrdcjwo
gtnbgicmb,ztzqteswd,ulxrdcjwo
gtnbgicmb,ztzqteswd,ulxrdcjwo
gtnbgicmb,ztzqteswd,ulxrdcjwo
gtnbgicmb,ztzqteswd,ulxrdcjwo
gtnbgicmb,ztzqteswd,ulxrdcjwo
gtnbgicmb,ztzqteswd,ulxrdcjwo
gtnbgicmb,ztzqteswd,ulxrdcjwo
gtnbgicmb,ztzqteswd,ulxrdcjwo
gtnbgicmb,ztzqteswd,ulxrdcjwo
gtnbgicmb,ztzqteswd,ulxrdcjwo
gtnbgicmb,ztzqteswd,ulxrdcjwo
gtnbgicmb,ztzqteswd,ulxrdcjwo
gtnbgicmb,ztzqteswd,ulxrdcjwo
gtnbgicmb,ztzqteswd,ulxrdcjwo
gtnbgicmb,ztzqteswd,ulxrdcjwo
gtnbgicmb,ztzqteswd,ulxrdcjwo
gtnbgicmb,ztzqteswd,ulxrdcjwo
gtnbgicmb,ztzqteswd,ulxrdcjwo
gtnbgicmb,ztzqteswd,ulxrdcjwo
gtnbgicmb,ztzqteswd,ulxrdcjwo
gtnbgicmb,ztzqteswd,ulxrdcjwo
gtnbgicmb,ztzqteswd,ulxrdcjwo
gtnbgicmb,ztzqteswd,ulxrdcjwo
gtnbgicmb,ztzqteswd,ulxrdcjwo
gtnbgicmb,ztzqteswd,ulxrdcjwo
gtnbgicmb,ztzqteswd,ulxrdcjwo
gtnbgicmb,ztzqteswd,ulxrdcjwo
gtnbgicmb,ztzqteswd,ulxrdcjwo
gtnbgicmb,ztzqteswd,ulxrdcjwo
gtnbgicmb,ztzqteswd,ulxrdcjwo
gtnbgicmb,ztzqteswd,ulxrdcjwo
gtnbgicmb,ztzqteswd,ulxrdcjwo
gtnbgicmb,ztzqteswd,ulxrdcjwo
gtnbgicmb,ztzqteswd,ulxrdcjwo
gtnbgicmb,ztzqteswd,ulxrdcjwo
gtnbgicmb,ztzqteswd,ulxrdcjwo
gtnbgicmb,ztzqteswd,ulxrdcjwo
gtnbgicmb,ztzqteswd,ulxrdcjwo
gtnbgicmb,ztzqteswd,ulxrdcjwo
gtnbgicmb,ztzqteswd,ulxrdcjwo
gtnbgicmb,ztzqteswd,ulxrdcjwo
gtnbgicmb,ztzqteswd,ulxrdcjwo
gtnbgicmb,ztzqteswd,ulxrdcjwo
gtnbgicmb,ztzqteswd,ulxrdcjwo
gtnbgicmb,ztzqteswd,ulxrdcjwo
gtnbgicmb,ztzqteswd,ulxrdcjwo
gtnbgicmb,ztzqteswd,ulxrdcjwo
gtnbgicmb,ztzqteswd,ulxrdcjwo
gtnbgicmb,ztzqteswd,ulxrdcjwo
gtnbgicmb,ztzqteswd,ulxrdcjwo
jbgdfwwd,sbugxziv,zrmrbtns
jbgdfwwd,sbugxziv,zrmrbtns
jbgdfwwd,sbugxziv,zrmrbtns
jbgdfwwd,sbugxziv,zrmrbtns
jbgdfwwd,sbugxziv,zrmrbtns
jbgdfwwd,sbugxziv,zrmrbtns
jbgdfwwd,sbugxziv,zrmrbtns
jbgdfwwd,sbugxziv,zrmrbtns
jbgdfwwd,sbugxziv,zrmrbtns
jbgdfwwd,sbugxziv,zrmrbtns
jbgdfwwd,sbugxziv,zrmrbtns
jbgdfwwd,sbugxziv,zrmrbtns
jbgdfwwd,sbugxziv,zrmrbtns
jbgdfwwd,sbugxziv,zrmrbtns
jbgdfwwd,sbugxziv,zrmrbtns
jbgdfwwd,sbugxziv,zrmrbtns
jbgdfwwd,sbugxziv,zrmrbtns
jbgdfwwd,sbugxziv,zrmrbtns
jbgdfwwd,sbugxziv,zrmrbtns
jbgdfwwd,sbugxziv,zrmrbtns
jbgdfwwd,sbugxziv,zrmrbtns
jbgdfwwd,sbugxziv,zrmrbtns
jbgdfwwd,sbugxziv,zrmrbtns
jbgdfwwd,sbugxziv,zrmrbtns
jbgdfwwd,sbugxziv,zrmrbtns
jbgdfwwd,sbugxziv,zrmrbtns
jbgdfwwd,sbugxziv,zrmrbtns
jbgdfwwd,sbugxziv,zrmrbtns
jbgdfwwd,sbugxziv,zrmrbtns
jbgdfwwd,sbugxziv,zrmrbtns
jbgdfwwd,sbugxziv,zrmrbtns
jbgdfwwd,sbugxziv,zrmrbtns
jbgdfwwd,sbugxziv,zrmrbtns
jbgdfwwd,sbugxziv,zrmrbtns
jbgdfwwd,sbugxziv,zrmrbtns
jbgdfwwd,sbugxziv,zrmrbtns
jbgdfwwd,sbugxziv,zrmrbtns
jbgdfwwd,sbugxziv,zrmrbtns
jbgdfwwd,sbugxziv,zrmrbtns
jbgdfwwd,sbugxziv,zrmrbtns
jbgdfwwd,sbugxziv,zrmrbtns
jbgdfwwd,sbugxziv,zrmrbtns
jbgdfwwd,sbugxziv,zrmrbtns
jbgdfwwd,sbugxziv,zrmrbtns
jbgdfwwd,sbugxziv,zrmrbtns
jbgdfwwd,sbugxziv,zrmrbtns
jbgdfwwd,sbugxziv,zrmrbtns
jbgdfwwd,sbugxziv,zrmrbtns
jbgdfwwd,sbugxziv,zrmrbtns
jbgdfwwd,sbugxziv,zrmrbtns
jbgdfwwd,sbugxziv,zrmrbtns
jbgdfwwd,sbugxziv,zrmrbtns
jbgdfwwd,sbugxziv,zrmrbtns
jbgdfwwd,sbugxziv,zrmrbtns
jbgdfwwd,sbugxziv,zrmrbtns
jbgdfwwd,sbugxziv,zrmrbtns
jbgdfwwd,sbugxziv,zrmrbtns
jbgdfwwd,sbugxziv,zrmrbtns
jbgdfwwd,sbugxziv,zrmrbtns
jbgdfwwd,sbugxziv,zrmrbtns
jbgdfwwd,sbugxziv,zrmrbtns
jbgdfwwd,sbugxziv,zrmrbtns
jbgdfwwd,sbugxziv,zrmrbtns
jbgdfwwd,sbugxziv,zrmrbtns
jbgdfwwd,sbugxziv,zrmrbtns
jbgdfwwd,sbugxziv,zrmrbtns
jbgdfwwd,sbugxziv,zrmrbtns
jbgdfwwd,sbugxziv,zrmrbtns
jbgdfwwd,sbugxziv,zrmrbtns
jbgdfwwd,sbugxziv,zrmrbtns
jbgdfwwd,sbugxziv,zrmrbtns
jbgdfwwd,sbugxziv,zrmrbtns
jbgdfwwd,sbugxziv,zrmrbtns
jbgdfwwd,sbugxziv,zrmrbtns
jbgdfwwd,sbugxziv,zrmrbtns
jbgdfwwd,sbugxziv,zrmrbtns
jbgdfwwd,sbugxziv,zrmrbtns
jbgdfwwd,sbugxziv,zrmrbtns
jbgdfwwd,sbugxziv,zrmrbtns
jbgdfwwd,sbugxziv,zrmrbtns
jbgdfwwd,sbugxziv,zrmrbtns
jbgdfwwd,sbugxziv,zrmrbtns
jbgdfwwd,sbugxziv,zrmrbtns
jbgdfwwd,sbugxziv,zrmrbtns
jbgdfwwd,sbugxziv,zrmrbtns
jbgdfwwd,sbugxziv,zrmrbtns
jbgdfwwd,sbugxziv,zrmrbtns
jbgdfwwd,sbugxziv,zrmrbtns
jbgdfwwd,sbugxziv,zrmrbtns
jbgdfwwd,sbugxziv,zrmrbtns
jbgdfwwd,sbugxziv,zrmrbtns
jbgdfwwd,sbugxziv,zrmrbtns
jbgdfwwd,sbugxziv,zrmrbtns
jbgdfwwd,sbugxziv,zrmrbtns
jbgdfwwd,sbugxziv,zrmrbtns
jbgdfwwd,sbugxziv,zrmrbtns
jbgdfwwd,sbugxziv,zrmrbtns
jbgdfwwd,sbugxziv,zrmrbtns
jbgdfwwd,sbugxziv,zrmrbtns
jbgdfwwd,sbugxziv,zrmrbtns
oxmddjyz,pnkoxgev,vnwlnmuh
oxmddjyz,pnkoxgev,vnwlnmuh
oxmddjyz,pnkoxgev,vnwlnmuh
oxmddjyz,pnkoxgev,vnwlnmuh
oxmddjyz,pnkoxgev,vnwlnmuh
oxmddjyz,pnkoxgev,vnwlnmuh
oxmddjyz,pnkoxgev,vnwlnmuh
oxmddjyz,pnkoxgev,vnwlnmuh
oxmddjyz,pnkoxgev,vnwlnmuh
oxmddjyz,pnkoxgev,vnwlnmuh
oxmddjyz,pnkoxgev,vnwlnmuh
oxmddjyz,pnkoxgev,vnwlnmuh
oxmddjyz,pnkoxgev,vnwlnmuh
oxmddjyz,pnkoxgev,vnwlnmuh
oxmddjyz,pnkoxgev,vnwlnmuh
oxmddjyz,pnkoxgev,vnwlnmuh
oxmddjyz,pnkoxgev,vnwlnmuh
oxmddjyz,pnkoxgev,vnwlnmuh
oxmddjyz,pnkoxgev,vnwlnmuh
oxmddjyz,pnkoxgev,vnwlnmuh
oxmddjyz,pnkoxgev,vnwlnmuh
oxmddjyz,pnkoxgev,vnwlnmuh
oxmddjyz,pnkoxgev,vnwlnmuh
oxmddjyz,pnkoxgev,vnwlnmuh
oxmddjyz,pnkoxgev,vnwlnmuh
oxmddjyz,pnkoxgev,vnwlnmuh
oxmddjyz,pnkoxgev,vnwlnmuh
oxmddjyz,pnkoxgev,vnwlnmuh
oxmddjyz,pnkoxgev,vnwlnmuh
oxmddjyz,pnkoxgev,vnwlnmuh
oxmddjyz,pnkoxgev,vnwlnmuh
oxmddjyz,pnkoxgev,vnwlnmuh
oxmddjyz,pnkoxgev,vnwlnmuh
oxmddjyz,pnkoxgev,vnwlnmuh
oxmddjyz,pnkoxgev,vnwlnmuh
oxmddjyz,pnkoxgev,vnwlnmuh
oxmddjyz,pnkoxgev,vnwlnmuh
oxmddjyz,pnkoxgev,vnwlnmuh
oxmddjyz,pnkoxgev,vnwlnmuh
oxmddjyz,pnkoxgev,vnwlnmuh
oxmddjyz,pnkoxgev,vnwlnmuh
oxmddjyz,pnkoxgev,vnwlnmuh
oxmddjyz,pnkoxgev,vnwlnmuh
oxmddjyz,pnkoxgev,vnwlnmuh
oxmddjyz,pnkoxgev,vnwlnmuh
oxmddjyz,pnkoxgev,vnwlnmuh
oxmddjyz,pnkoxgev,vnwlnmuh
oxmddjyz,pnkoxgev,vnwlnmuh
oxmddjyz,pnkoxgev,vnwlnmuh
oxmddjyz,pnkoxgev,vnwlnmuh
oxmddjyz,pnkoxgev,vnwlnmuh
oxmddjyz,pnkoxgev,vnwlnmuh
oxmddjyz,pnkoxgev,vnwlnmuh
oxmddjyz,pnkoxgev,vnwlnmuh
oxmddjyz,pnkoxgev,vnwlnmuh
oxmddjyz,pnkoxgev,vnwlnmuh
oxmddjyz,pnkoxgev,vnwlnmuh
oxmddjyz,pnkoxgev,vnwlnmuh
oxmddjyz,pnkoxgev,vnwlnmuh
oxmddjyz,pnkoxgev,vnwlnmuh
oxmddjyz,pnkoxgev,vnwlnmuh
oxmddjyz,pnkoxgev,vnwlnmuh
oxmddjyz,pnkoxgev,vnwlnmuh
oxmddjyz,pnkoxgev,vnwlnmuh
oxmddjyz,pnkoxgev,vnwlnmuh
oxmddjyz,pnkoxgev,vnwlnmuh
oxmddjyz,pnkoxgev,vnwlnmuh
oxmddjyz,pnkoxgev,vnwlnmuh
oxmddjyz,pnkoxgev,vnwlnmuh
oxmddjyz,pnkoxgev,vnwlnmuh
oxmddjyz,pnkoxgev,vnwlnmuh
oxmddjyz,pnkoxgev,vnwlnmuh
oxmddjyz,pnkoxgev,vnwlnmuh
oxmddjyz,pnkoxgev,vnwlnmuh
oxmddjyz,pnkoxgev,vnwlnmuh
oxmddjyz,pnkoxgev,vnwlnmuh
oxmddjyz,pnkoxgev,vnwlnmuh
oxmddjyz,pnkoxgev,vnwlnmuh
oxmddjyz,pnkoxgev,vnwlnmuh
oxmddjyz,pnkoxgev,vnwlnmuh
oxmddjyz,pnkoxgev,vnwlnmuh
oxmddjyz,pnkoxgev,vnwlnmuh
oxmddjyz,pnkoxgev,vnwlnmuh
oxmddjyz,pnkoxgev,vnwlnmuh
oxmddjyz,pnkoxgev,vnwlnmuh
oxmddjyz,pnkoxgev,vnwlnmuh
oxmddjyz,pnkoxgev,vnwlnmuh
oxmddjyz,pnkoxgev,vnwlnmuh
oxmddjyz,pnkoxgev,vnwlnmuh
oxmddjyz,pnkoxgev,vnwlnmuh
oxmddjyz,pnkoxgev,vnwlnmuh
oxmddjyz,pnkoxgev,vnwlnmuh
oxmddjyz,pnkoxgev,vnwlnmuh
oxmddjyz,pnkoxgev,vnwlnmuh
oxmddjyz,pnkoxgev,vnwlnmuh
oxmddjyz,pnkoxgev,vnwlnmuh
oxmddjyz,pnkoxgev,vnwlnmuh
oxmddjyz,pnkoxgev,vnwlnmuh
oxmddjyz,pnkoxgev,vnwlnmuh
oxmddjyz,pnkoxgev,vnwlnmuh
ubmrxih,fjkhfte,kbppjwf
ubmrxih,fjkhfte,kbppjwf
ubmrxih,fjkhfte,kbppjwf
ubmrxih,fjkhfte,kbppjwf
ubmrxih,fjkhfte,kbppjwf
ubmrxih,fjkhfte,kbppjwf
ubmrxih,fjkhfte,kbppjwf
ubmrxih,fjkhfte,kbppjwf
ubmrxih,fjkhfte,kbppjwf
ubmrxih,fjkhfte,kbppjwf
ubmrxih,fjkhfte,kbppjwf
ubmrxih,fjkhfte,kbppjwf
ubmrxih,fjkhfte,kbppjwf
ubmrxih,fjkhfte,kbppjwf
ubmrxih,fjkhfte,kbppjwf
ubmrxih,fjkhfte,kbppjwf
ubmrxih,fjkhfte,kbppjwf
ubmrxih,fjkhfte,kbppjwf
ubmrxih,fjkhfte,kbppjwf
ubmrxih,fjkhfte,kbppjwf
ubmrxih,fjkhfte,kbppjwf
ubmrxih,fjkhfte,kbppjwf
ubmrxih,fjkhfte,kbppjwf
ubmrxih,fjkhfte,kbppjwf
ubmrxih,fjkhfte,kbppjwf
ubmrxih,fjkhfte,kbppjwf
ubmrxih,fjkhfte,kbppjwf
ubmrxih,fjkhfte,kbppjwf
ubmrxih,fjkhfte,kbppjwf
ubmrxih,fjkhfte,kbppjwf
ubmrxih,fjkhfte,kbppjwf
ubmrxih,fjkhfte,kbppjwf
ubmrxih,fjkhfte,kbppjwf
ubmrxih,fjkhfte,kbppjwf
ubmrxih,fjkhfte,kbppjwf
ubmrxih,fjkhfte,kbppjwf
ubmrxih,fjkhfte,kbppjwf
ubmrxih,fjkhfte,kbppjwf
ubmrxih,fjkhfte,kbppjwf
ubmrxih,fjkhfte,kbppjwf
ubmrxih,fjkhfte,kbppjwf
ubmrxih,fjkhfte,kbppjwf
ubmrxih,fjkhfte,kbppjwf
ubmrxih,fjkhfte,kbppjwf
ubmrxih,fjkhfte,kbppjwf
ubmrxih,fjkhfte,kbppjwf
ubmrxih,fjkhfte,kbppjwf
ubmrxih,fjkhfte,kbppjwf
ubmrxih,fjkhfte,kbppjwf
ubmrxih,fjkhfte,kbppjwf
ubmrxih,fjkhfte,kbppjwf
ubmrxih,fjkhfte,kbppjwf
ubmrxih,fjkhfte,kbppjwf
ubmrxih,fjkhfte,kbppjwf
ubmrxih,fjkhfte,kbppjwf
ubmrxih,fjkhfte,kbppjwf
ubmrxih,fjkhfte,kbppjwf
ubmrxih,fjkhfte,kbppjwf
ubmrxih,fjkhfte,kbppjwf
ubmrxih,fjkhfte,kbppjwf
ubmrxih,fjkhfte,kbppjwf
ubmrxih,fjkhfte,kbppjwf
ubmrxih,fjkhfte,kbppjwf
ubmrxih,fjkhfte,kbppjwf
ubmrxih,fjkhfte,kbppjwf
ubmrxih,fjkhfte,kbppjwf
ubmrxih,fjkhfte,kbppjwf
ubmrxih,fjkhfte,kbppjwf
ubmrxih,fjkhfte,kbppjwf
ubmrxih,fjkhfte,kbppjwf
ubmrxih,fjkhfte,kbppjwf
ubmrxih,fjkhfte,kbppjwf
ubmrxih,fjkhfte,kbppjwf
ubmrxih,fjkhfte,kbppjwf
ubmrxih,fjkhfte,kbppjwf
ubmrxih,fjkhfte,kbppjwf
ubmrxih,fjkhfte,kbppjwf
ubmrxih,fjkhfte,kbppjwf
ubmrxih,fjkhfte,kbppjwf
ubmrxih,fjkhfte,kbppjwf
ubmrxih,fjkhfte,kbppjwf
ubmrxih,fjkhfte,kbppjwf
ubmrxih,fjkhfte,kbppjwf
ubmrxih,fjkhfte,kbppjwf
ubmrxih,fjkhfte,kbppjwf
ubmrxih,fjkhfte,kbppjwf
ubmrxih,fjkhfte,kbppjwf
ubmrxih,fjkhfte,kbppjwf
ubmrxih,fjkhfte,kbppjwf
ubmrxih,fjkhfte,kbppjwf
ubmrxih,fjkhfte,kbppjwf
ubmrxih,fjkhfte,kbppjwf
ubmrxih,fjkhfte,kbppjwf
ubmrxih,fjkhfte,kbppjwf
ubmrxih,fjkhfte,kbppjwf
ubmrxih,fjkhfte,kbppjwf
ubmrxih,fjkhfte,kbppjwf
ubmrxih,fjkhfte,kbppjwf
ubmrxih,fjkhfte,kbppjwf
ubmrxih,fjkhfte,kbppjwf
yzfkr,svalv,cmurx
yzfkr,svalv,cmurx
yzfkr,svalv,cmurx
yzfkr,svalv,cmurx
yzfkr,svalv,cmurx
yzfkr,svalv,cmurx
yzfkr,svalv,cmurx
yzfkr,svalv,cmurx
yzfkr,svalv,cmurx
yzfkr,svalv,cmurx
yzfkr,svalv,cmurx
yzfkr,svalv,cmurx
yzfkr,svalv,cmurx
yzfkr,svalv,cmurx
yzfkr,svalv,cmurx
yzfkr,svalv,cmurx
yzfkr,svalv,cmurx
yzfkr,svalv,cmurx
yzfkr,svalv,cmurx
yzfkr,svalv,cmurx
yzfkr,svalv,cmurx
yzfkr,svalv,cmurx
yzfkr,svalv,cmurx
yzfkr,svalv,cmurx
yzfkr,svalv,cmurx
yzfkr,svalv,cmurx
yzfkr,svalv,cmurx
yzfkr,svalv,cmurx
yzfkr,svalv,cmurx
yzfkr,svalv,cmurx
yzfkr,svalv,cmurx
yzfkr,svalv,cmurx
yzfkr,svalv,cmurx
yzfkr,svalv,cmurx
yzfkr,svalv,cmurx
yzfkr,svalv,cmurx
yzfkr,svalv,cmurx
yzfkr,svalv,cmurx
yzfkr,svalv,cmurx
yzfkr,svalv,cmurx
yzfkr,svalv,cmurx
yzfkr,svalv,cmurx
yzfkr,svalv,cmurx
yzfkr,svalv,cmurx
yzfkr,svalv,cmurx
yzfkr,svalv,cmurx
yzfkr,svalv,cmurx
yzfkr,svalv,cmurx
yzfkr,svalv,cmurx
yzfkr,svalv,cmurx
yzfkr,svalv,cmurx
yzfkr,svalv,cmurx
yzfkr,svalv,cmurx
yzfkr,svalv,cmurx
yzfkr,svalv,cmurx
yzfkr,svalv,cmurx
yzfkr,svalv,cmurx
yzfkr,svalv,cmurx
yzfkr,svalv,cmurx
yzfkr,svalv,cmurx
yzfkr,svalv,cmurx
yzfkr,svalv,cmurx
yzfkr,svalv,cmurx
yzfkr,svalv,cmurx
yzfkr,svalv,cmurx
yzfkr,svalv,cmurx
yzfkr,svalv,cmurx
yzfkr,svalv,cmurx
yzfkr,svalv,cmurx
yzfkr,svalv,cmurx
yzfkr,svalv,cmurx
yzfkr,svalv,cmurx
yzfkr,svalv,cmurx
yzfkr,svalv,cmurx
yzfkr,svalv,cmurx
yzfkr,svalv,cmurx
yzfkr,svalv,cmurx
yzfkr,svalv,cmurx
yzfkr,svalv,cmurx
yzfkr,svalv,cmurx
yzfkr,svalv,cmurx
yzfkr,svalv,cmurx
yzfkr,svalv,cmurx
yzfkr,svalv,cmurx
yzfkr,svalv,cmurx
yzfkr,svalv,cmurx
yzfkr,svalv,cmurx
yzfkr,svalv,cmurx
yzfkr,svalv,cmurx
yzfkr,svalv,cmurx
yzfkr,svalv,cmurx
yzfkr,svalv,cmurx
yzfkr,svalv,cmurx
yzfkr,svalv,cmurx
yzfkr,svalv,cmurx
yzfkr,svalv,cmurx
yzfkr,svalv,cmurx
yzfkr,svalv,cmurx
yzfkr,svalv,cmurx
yzfkr,svalv,cmurx
mgprknn,exhweqq,uounypu
mgprknn,exhweqq,uounypu
mgprknn,exhweqq,uounypu
mgprknn,exhweqq,uounypu
mgprknn,exhweqq,uounypu
mgprknn,exhweqq,uounypu
mgprknn,exhweqq,uounypu
mgprknn,exhweqq,uounypu
mgprknn,exhweqq,uounypu
mgprknn,exhweqq,uounypu
mgprknn,exhweqq,uounypu
mgprknn,exhweqq,uounypu
mgprknn,exhweqq,uounypu
mgprknn,exhweqq,uounypu
mgprknn,exhweqq,uounypu
mgprknn,exhweqq,uounypu
mgprknn,exhweqq,uounypu
mgprknn,exhweqq,uounypu
mgprknn,exhweqq,uounypu
mgprknn,exhweqq,uounypu
mgprknn,exhweqq,uounypu
mgprknn,exhweqq,uounypu
mgprknn,exhweqq,uounypu
mgprknn,exhweqq,uounypu
mgprknn,exhweqq,uounypu
mgprknn,exhweqq,uounypu
mgprknn,exhweqq,uounypu
mgprknn,exhweqq,uounypu
mgprknn,exhweqq,uounypu
mgprknn,exhweqq,uounypu
mgprknn,exhweqq,uounypu
mgprknn,exhweqq,uounypu
mgprknn,exhweqq,uounypu
mgprknn,exhweqq,uounypu
mgprknn,exhweqq,uounypu
mgprknn,exhweqq,uounypu
mgprknn,exhweqq,uounypu
mgprknn,exhweqq,uounypu
mgprknn,exhweqq,uounypu
mgprknn,exhweqq,uounypu
mgprknn,exhweqq,uounypu
mgprknn,exhweqq,uounypu
mgprknn,exhweqq,uounypu
mgprknn,exhweqq,uounypu
mgprknn,exhweqq,uounypu
mgprknn,exhweqq,uounypu
mgprknn,exhweqq,uounypu
mgprknn,exhweqq,uounypu
mgprknn,exhweqq,uounypu
mgprknn,exhweqq,uounypu
mgprknn,exhweqq,uounypu
mgprknn,exhweqq,uounypu
mgprknn,exhweqq,uounypu
mgprknn,exhweqq,uounypu
mgprknn,exhweqq,uounypu
mgprknn,exhweqq,uounypu
mgprknn,exhweqq,uounypu
mgprknn,exhweqq,uounypu
mgprknn,exhweqq,uounypu
mgprknn,exhweqq,uounypu
mgprknn,exhweqq,uounypu
mgprknn,exhweqq,uounypu
mgprknn,exhweqq,uounypu
mgprknn,exhweqq,uounypu
mgprknn,exhweqq,uounypu
mgprknn,exhweqq,uounypu
mgprknn,exhweqq,uounypu
mgprknn,exhweqq,uounypu
mgprknn,exhweqq,uounypu
mgprknn,exhweqq,uounypu
mgprknn,exhweqq,uounypu
mgprknn,exhweqq,uounypu
mgprknn,exhweqq,uounypu
mgprknn,exhweqq,uounypu
mgprknn,exhweqq,uounypu
mgprknn,exhweqq,uounypu
mgprknn,exhweqq,uounypu
mgprknn,exhweqq,uounypu
mgprknn,exhweqq,uounypu
mgprknn,exhweqq,uounypu
mgprknn,exhweqq,uounypu
mgprknn,exhweqq,uounypu
mgprknn,exhweqq,uounypu
mgprknn,exhweqq,uounypu
mgprknn,exhweqq,uounypu
mgprknn,exhweqq,uounypu
mgprknn,exhweqq,uounypu
mgprknn,exhweqq,uounypu
mgprknn,exhweqq,uounypu
mgprknn,exhweqq,uounypu
mgprknn,exhweqq,uounypu
mgprknn,exhweqq,uounypu
mgprknn,exhweqq,uounypu
mgprknn,exhweqq,uounypu
mgprknn,exhweqq,uounypu
mgprknn,exhweqq,uounypu
mgprknn,exhweqq,uounypu
mgprknn,exhweqq,uounypu
mgprknn,exhweqq,uounypu
mgprknn,exhweqq,uounypu
byvoobrbz,rhwgobotg,rfvnthgfi
byvoobrbz,rhwgobotg,rfvnthgfi
byvoobrbz,rhwgobotg,rfvnthgfi
byvoobrbz,rhwgobotg,rfvnthgfi
byvoobrbz,rhwgobotg,rfvnthgfi
byvoobrbz,rhwgobotg,rfvnthgfi
byvoobrbz,rhwgobotg,rfvnthgfi
byvoobrbz,rhwgobotg,rfvnthgfi
byvoobrbz,rhwgobotg,rfvnthgfi
byvoobrbz,rhwgobotg,rfvnthgfi
byvoobrbz,rhwgobotg,rfvnthgfi
byvoobrbz,rhwgobotg,rfvnthgfi
byvoobrbz,rhwgobotg,rfvnthgfi
byvoobrbz,rhwgobotg,rfvnthgfi
byvoobrbz,rhwgobotg,rfvnthgfi
byvoobrbz,rhwgobotg,rfvnthgfi
byvoobrbz,rhwgobotg,rfvnthgfi
byvoobrbz,rhwgobotg,rfvnthgfi
byvoobrbz,rhwgobotg,rfvnthgfi
byvoobrbz,rhwgobotg,rfvnthgfi
byvoobrbz,rhwgobotg,rfvnthgfi
byvoobrbz,rhwgobotg,rfvnthgfi
byvoobrbz,rhwgobotg,rfvnthgfi
byvoobrbz,rhwgobotg,rfvnthgfi
byvoobrbz,rhwgobotg,rfvnthgfi
byvoobrbz,rhwgobotg,rfvnthgfi
byvoobrbz,rhwgobotg,rfvnthgfi
byvoobrbz,rhwgobotg,rfvnthgfi
byvoobrbz,rhwgobotg,rfvnthgfi
byvoobrbz,rhwgobotg,rfvnthgfi
byvoobrbz,rhwgobotg,rfvnthgfi
byvoobrbz,rhwgobotg,rfvnthgfi
byvoobrbz,rhwgobotg,rfvnthgfi
byvoobrbz,rhwgobotg,rfvnthgfi
byvoobrbz,rhwgobotg,rfvnthgfi
byvoobrbz,rhwgobotg,rfvnthgfi
byvoobrbz,rhwgobotg,rfvnthgfi
byvoobrbz,rhwgobotg,rfvnthgfi
byvoobrbz,rhwgobotg,rfvnthgfi
byvoobrbz,rhwgobotg,rfvnthgfi
byvoobrbz,rhwgobotg,rfvnthgfi
byvoobrbz,rhwgobotg,rfvnthgfi
byvoobrbz,rhwgobotg,rfvnthgfi
byvoobrbz,rhwgobotg,rfvnthgfi
byvoobrbz,rhwgobotg,rfvnthgfi
byvoobrbz,rhwgobotg,rfvnthgfi
byvoobrbz,rhwgobotg,rfvnthgfi
byvoobrbz,rhwgobotg,rfvnthgfi
byvoobrbz,rhwgobotg,rfvnthgfi
byvoobrbz,rhwgobotg,rfvnthgfi
byvoobrbz,rhwgobotg,rfvnthgfi
byvoobrbz,rhwgobotg,rfvnthgfi
byvoobrbz,rhwgobotg,rfvnthgfi
byvoobrbz,rhwgobotg,rfvnthgfi
byvoobrbz,rhwgobotg,rfvnthgfi
byvoobrbz,rhwgobotg,rfvnthgfi
byvoobrbz,rhwgobotg,rfvnthgfi
byvoobrbz,rhwgobotg,rfvnthgfi
byvoobrbz,rhwgobotg,rfvnthgfi
byvoobrbz,rhwgobotg,rfvnthgfi
byvoobrbz,rhwgobotg,rfvnthgfi
byvoobrbz,rhwgobotg,rfvnthgfi
byvoobrbz,rhwgobotg,rfvnthgfi
byvoobrbz,rhwgobotg,rfvnthgfi
byvoobrbz,rhwgobotg,rfvnthgfi
byvoobrbz,rhwgobotg,rfvnthgfi
byvoobrbz,rhwgobotg,rfvnthgfi
byvoobrbz,rhwgobotg,rfvnthgfi
byvoobrbz,rhwgobotg,rfvnthgfi
byvoobrbz,rhwgobotg,rfvnthgfi
byvoobrbz,rhwgobotg,rfvnthgfi
byvoobrbz,rhwgobotg,rfvnthgfi
byvoobrbz,rhwgobotg,rfvnthgfi
byvoobrbz,rhwgobotg,rfvnthgfi
byvoobrbz,rhwgobotg,rfvnthgfi
byvoobrbz,rhwgobotg,rfvnthgfi
byvoobrbz,rhwgobotg,rfvnthgfi
byvoobrbz,rhwgobotg,rfvnthgfi
byvoobrbz,rhwgobotg,rfvnthgfi
byvoobrbz,rhwgobotg,rfvnthgfi
byvoobrbz,rhwgobotg,rfvnthgfi
byvoobrbz,rhwgobotg,rfvnthgfi
byvoobrbz,rhwgobotg,rfvnthgfi
byvoobrbz,rhwgobotg,rfvnthgfi
byvoobrbz,rhwgobotg,rfvnthgfi
byvoobrbz,rhwgobotg,rfvnthgfi
byvoobrbz,rhwgobotg,rfvnthgfi
byvoobrbz,rhwgobotg,rfvnthgfi
byvoobrbz,rhwgobotg,rfvnthgfi
byvoobrbz,rhwgobotg,rfvnthgfi
byvoobrbz,rhwgobotg,rfvnthgfi
byvoobrbz,rhwgobotg,rfvnthgfi
byvoobrbz,rhwgobotg,rfvnthgfi
byvoobrbz,rhwgobotg,rfvnthgfi
byvoobrbz,rhwgobotg,rfvnthgfi
byvoobrbz,rhwgobotg,rfvnthgfi
byvoobrbz,rhwgobotg,rfvnthgfi
byvoobrbz,rhwgobotg,rfvnthgfi
byvoobrbz,rhwgobotg,rfvnthgfi
byvoobrbz,rhwgobotg,rfvnthgfi
ehleag,otipbo,rgmlah
ehleag,otipbo,rgmlah
ehleag,otipbo,rgmlah
ehleag,otipbo,rgmlah
ehleag,otipbo,rgmlah
ehleag,otipbo,rgmlah
ehleag,otipbo,rgmlah
ehleag,otipbo,rgmlah
ehleag,otipbo,rgmlah
ehleag,otipbo,rgmlah
ehleag,otipbo,rgmlah
ehleag,otipbo,rgmlah
ehleag,otipbo,rgmlah
ehleag,otipbo,rgmlah
ehleag,otipbo,rgmlah
ehleag,otipbo,rgmlah
ehleag,otipbo,rgmlah
ehleag,otipbo,rgmlah
ehleag,otipbo,rgmlah
ehleag,otipbo,rgmlah
ehleag,otipbo,rgmlah
ehleag,otipbo,rgmlah
ehleag,otipbo,rgmlah
ehleag,otipbo,rgmlah
ehleag,otipbo,rgmlah
ehleag,otipbo,rgmlah
ehleag,otipbo,rgmlah
ehleag,otipbo,rgmlah
ehleag,otipbo,rgmlah
ehleag,otipbo,rgmlah
ehleag,otipbo,rgmlah
ehleag,otipbo,rgmlah
ehleag,otipbo,rgmlah
ehleag,otipbo,rgmlah
ehleag,otipbo,rgmlah
ehleag,otipbo,rgmlah
ehleag,otipbo,rgmlah
ehleag,otipbo,rgmlah
ehleag,otipbo,rgmlah
ehleag,otipbo,rgmlah
ehleag,otipbo,rgmlah
ehleag,otipbo,rgmlah
ehleag,otipbo,rgmlah
ehleag,otipbo,rgmlah
ehleag,otipbo,rgmlah
ehleag,otipbo,rgmlah
ehleag,otipbo,rgmlah
ehleag,otipbo,rgmlah
ehleag,otipbo,rgmlah
ehleag,otipbo,rgmlah
ehleag,otipbo,rgmlah
ehleag,otipbo,rgmlah
ehleag,otipbo,rgmlah
ehleag,otipbo,rgmlah
ehleag,otipbo,rgmlah
ehleag,otipbo,rgmlah
ehleag,otipbo,rgmlah
ehleag,otipbo,rgmlah
ehleag,otipbo,rgmlah
ehleag,otipbo,rgmlah
ehleag,otipbo,rgmlah
ehleag,otipbo,rgmlah
ehleag,otipbo,rgmlah
ehleag,otipbo,rgmlah
ehleag,otipbo,rgmlah
ehleag,otipbo,rgmlah
ehleag,otipbo,rgmlah
ehleag,otipbo,rgmlah
ehleag,otipbo,rgmlah
ehleag,otipbo,rgmlah
ehleag,otipbo,rgmlah
ehleag,otipbo,rgmlah
ehleag,otipbo,rgmlah
ehleag,otipbo,rgmlah
ehleag,otipbo,rgmlah
ehleag,otipbo,rgmlah
ehleag,otipbo,rgmlah
ehleag,otipbo,rgmlah
ehleag,otipbo,rgmlah
ehleag,otipbo,rgmlah
ehleag,otipbo,rgmlah
ehleag,otipbo,rgmlah
ehleag,otipbo,rgmlah
ehleag,otipbo,rgmlah
ehleag,otipbo,rgmlah
ehleag,otipbo,rgmlah
ehleag,otipbo,rgmlah
ehleag,otipbo,rgmlah
ehleag,otipbo,rgmlah
ehleag,otipbo,rgmlah
ehleag,otipbo,rgmlah
ehleag,otipbo,rgmlah
ehleag,otipbo,rgmlah
ehleag,otipbo,rgmlah
ehleag,otipbo,rgmlah
ehleag,otipbo,rgmlah
ehleag,otipbo,rgmlah
ehleag,otipbo,rgmlah
ehleag,otipbo,rgmlah
ehleag,otipbo,rgmlah
xsxnbkc,eztzrqn,uzqdlrc
xsxnbkc,eztzrqn,uzqdlrc
xsxnbkc,eztzrqn,uzqdlrc
xsxnbkc,eztzrqn,uzqdlrc
xsxnbkc,eztzrqn,uzqdlrc
xsxnbkc,eztzrqn,uzqdlrc
xsxnbkc,eztzrqn,uzqdlrc
xsxnbkc,eztzrqn,uzqdlrc
xsxnbkc,eztzrqn,uzqdlrc
xsxnbkc,eztzrqn,uzqdlrc
xsxnbkc,eztzrqn,uzqdlrc
xsxnbkc,eztzrqn,uzqdlrc
xsxnbkc,eztzrqn,uzqdlrc
xsxnbkc,eztzrqn,uzqdlrc
xsxnbkc,eztzrqn,uzqdlrc
xsxnbkc,eztzrqn,uzqdlrc
xsxnbkc,eztzrqn,uzqdlrc
xsxnbkc,eztzrqn,uzqdlrc
xsxnbkc,eztzrqn,uzqdlrc
xsxnbkc,eztzrqn,uzqdlrc
xsxnbkc,eztzrqn,uzqdlrc
xsxnbkc,eztzrqn,uzqdlrc
xsxnbkc,eztzrqn,uzqdlrc
xsxnbkc,eztzrqn,uzqdlrc
xsxnbkc,eztzrqn,uzqdlrc
xsxnbkc,eztzrqn,uzqdlrc
xsxnbkc,eztzrqn,uzqdlrc
xsxnbkc,eztzrqn,uzqdlrc
xsxnbkc,eztzrqn,uzqdlrc
xsxnbkc,eztzrqn,uzqdlrc
xsxnbkc,eztzrqn,uzqdlrc
xsxnbkc,eztzrqn,uzqdlrc
xsxnbkc,eztzrqn,uzqdlrc
xsxnbkc,eztzrqn,uzqdlrc
xsxnbkc,eztzrqn,uzqdlrc
xsxnbkc,eztzrqn,uzqdlrc
xsxnbkc,eztzrqn,uzqdlrc
xsxnbkc,eztzrqn,uzqdlrc
xsxnbkc,eztzrqn,uzqdlrc
xsxnbkc,eztzrqn,uzqdlrc
xsxnbkc,eztzrqn,uzqdlrc
xsxnbkc,eztzrqn,uzqdlrc
xsxnbkc,eztzrqn,uzqdlrc
xsxnbkc,eztzrqn,uzqdlrc
xsxnbkc,eztzrqn,uzqdlrc
xsxnbkc,eztzrqn,uzqdlrc
xsxnbkc,eztzrqn,uzqdlrc
xsxnbkc,eztzrqn,uzqdlrc
xsxnbkc,eztzrqn,uzqdlrc
xsxnbkc,eztzrqn,uzqdlrc
xsxnbkc,eztzrqn,uzqdlrc
xsxnbkc,eztzrqn,uzqdlrc
xsxnbkc,eztzrqn,uzqdlrc
xsxnbkc,eztzrqn,uzqdlrc
xsxnbkc,eztzrqn,uzqdlrc
xsxnbkc,eztzrqn,uzqdlrc
xsxnbkc,eztzrqn,uzqdlrc
xsxnbkc,eztzrqn,uzqdlrc
xsxnbkc,eztzrqn,uzqdlrc
xsxnbkc,eztzrqn,uzqdlrc
xsxnbkc,eztzrqn,uzqdlrc
xsxnbkc,eztzrqn,uzqdlrc
xsxnbkc,eztzrqn,uzqdlrc
xsxnbkc,eztzrqn,uzqdlrc
xsxnbkc,eztzrqn,uzqdlrc
xsxnbkc,eztzrqn,uzqdlrc
xsxnbkc,eztzrqn,uzqdlrc
xsxnbkc,eztzrqn,uzqdlrc
xsxnbkc,eztzrqn,uzqdlrc
xsxnbkc,eztzrqn,uzqdlrc
xsxnbkc,eztzrqn,uzqdlrc
xsxnbkc,eztzrqn,uzqdlrc
xsxnbkc,eztzrqn,uzqdlrc
xsxnbkc,eztzrqn,uzqdlrc
xsxnbkc,eztzrqn,uzqdlrc
xsxnbkc,eztzrqn,uzqdlrc
xsxnbkc,eztzrqn,uzqdlrc
xsxnbkc,eztzrqn,uzqdlrc
xsxnbkc,eztzrqn,uzqdlrc
xsxnbkc,eztzrqn,uzqdlrc
xsxnbkc,eztzrqn,uzqdlrc
xsxnbkc,eztzrqn,uzqdlrc
xsxnbkc,eztzrqn,uzqdlrc
xsxnbkc,eztzrqn,uzqdlrc
xsxnbkc,eztzrqn,uzqdlrc
xsxnbkc,eztzrqn,uzqdlrc
xsxnbkc,eztzrqn,uzqdlrc
xsxnbkc,eztzrqn,uzqdlrc
xsxnbkc,eztzrqn,uzqdlrc
xsxnbkc,eztzrqn,uzqdlrc
xsxnbkc,eztzrqn,uzqdlrc
xsxnbkc,eztzrqn,uzqdlrc
xsxnbkc,eztzrqn,uzqdlrc
xsxnbkc,eztzrqn,uzqdlrc
xsxnbkc,eztzrqn,uzqdlrc
xsxnbkc,eztzrqn,uzqdlrc
xsxnbkc,eztzrqn,uzqdlrc
xsxnbkc,eztzrqn,uzqdlrc
xsxnbkc,eztzrqn,uzqdlrc
xsxnbkc,eztzrqn,uzqdlrc
otfdok,wqfdxc,oxpqfj
otfdok,wqfdxc,oxpqfj
otfdok,wqfdxc,oxpqfj
otfdok,wqfdxc,oxpqfj
otfdok,wqfdxc,oxpqfj
otfdok,wqfdxc,oxpqfj
otfdok,wqfdxc,oxpqfj
otfdok,wqfdxc,oxpqfj
otfdok,wqfdxc,oxpqfj
otfdok,wqfdxc,oxpqfj
otfdok,wqfdxc,oxpqfj
otfdok,wqfdxc,oxpqfj
otfdok,wqfdxc,oxpqfj
otfdok,wqfdxc,oxpqfj
otfdok,wqfdxc,oxpqfj
otfdok,wqfdxc,oxpqfj
otfdok,wqfdxc,oxpqfj
otfdok,wqfdxc,oxpqfj
otfdok,wqfdxc,oxpqfj
otfdok,wqfdxc,oxpqfj
otfdok,wqfdxc,oxpqfj
otfdok,wqfdxc,oxpqfj
otfdok,wqfdxc,oxpqfj
otfdok,wqfdxc,oxpqfj
otfdok,wqfdxc,oxpqfj
otfdok,wqfdxc,oxpqfj
otfdok,wqfdxc,oxpqfj
otfdok,wqfdxc,oxpqfj
otfdok,wqfdxc,oxpqfj
otfdok,wqfdxc,oxpqfj
otfdok,wqfdxc,oxpqfj
otfdok,wqfdxc,oxpqfj
otfdok,wqfdxc,oxpqfj
otfdok,wqfdxc,oxpqfj
otfdok,wqfdxc,oxpqfj
otfdok,wqfdxc,oxpqfj
otfdok,wqfdxc,oxpqfj
otfdok,wqfdxc,oxpqfj
otfdok,wqfdxc,oxpqfj
otfdok,wqfdxc,oxpqfj
otfdok,wqfdxc,oxpqfj
otfdok,wqfdxc,oxpqfj
otfdok,wqfdxc,oxpqfj
otfdok,wqfdxc,oxpqfj
otfdok,wqfdxc,oxpqfj
otfdok,wqfdxc,oxpqfj
otfdok,wqfdxc,oxpqfj
otfdok,wqfdxc,oxpqfj
otfdok,wqfdxc,oxpqfj
otfdok,wqfdxc,oxpqfj
otfdok,wqfdxc,oxpqfj
otfdok,wqfdxc,oxpqfj
otfdok,wqfdxc,oxpqfj
otfdok,wqfdxc,oxpqfj
otfdok,wqfdxc,oxpqfj
otfdok,wqfdxc,oxpqfj
otfdok,wqfdxc,oxpqfj
otfdok,wqfdxc,oxpqfj
otfdok,wqfdxc,oxpqfj
otfdok,wqfdxc,oxpqfj
otfdok,wqfdxc,oxpqfj
otfdok,wqfdxc,oxpqfj
otfdok,wqfdxc,oxpqfj
otfdok,wqfdxc,oxpqfj
otfdok,wqfdxc,oxpqfj
otfdok,wqfdxc,oxpqfj
otfdok,wqfdxc,oxpqfj
otfdok,wqfdxc,oxpqfj
otfdok,wqfdxc,oxpqfj
otfdok,wqfdxc,oxpqfj
otfdok,wqfdxc,oxpqfj
otfdok,wqfdxc,oxpqfj
otfdok,wqfdxc,oxpqfj
otfdok,wqfdxc,oxpqfj
otfdok,wqfdxc,oxpqfj
otfdok,wqfdxc,oxpqfj
otfdok,wqfdxc,oxpqfj
otfdok,wqfdxc,oxpqfj
otfdok,wqfdxc,oxpqfj
otfdok,wqfdxc,oxpqfj
otfdok,wqfdxc,oxpqfj
otfdok,wqfdxc,oxpqfj
otfdok,wqfdxc,oxpqfj
otfdok,wqfdxc,oxpqfj
otfdok,wqfdxc,oxpqfj
otfdok,wqfdxc,oxpqfj
otfdok,wqfdxc,oxpqfj
otfdok,wqfdxc,oxpqfj
otfdok,wqfdxc,oxpqfj
otfdok,wqfdxc,oxpqfj
otfdok,wqfdxc,oxpqfj
otfdok,wqfdxc,oxpqfj
otfdok,wqfdxc,oxpqfj
otfdok,wqfdxc,oxpqfj
otfdok,wqfdxc,oxpqfj
otfdok,wqfdxc,oxpqfj
otfdok,wqfdxc,oxpqfj
otfdok,wqfdxc,oxpqfj
otfdok,wqfdxc,oxpqfj
otfdok,wqfdxc,oxpqfj
